ID,High_Price_elasticity,Normal_Price_elasticity,Price_Threshold,N_Obs,R2,High_Price_obs
3980,-0.06607942553879755,-0.07077847752414243,0.7,12571,0.2726491234938927,5687
4781,-0.0927824738566816,0.009715079493161473,0.7,12571,0.5919793193865904,5687
8073,-0.08285164213142397,-0.09854476787361116,0.7,12571,0.4435298682023634,5687
6510,-0.022518780884514582,-0.04820810901583416,0.7,12571,0.29602153795017083,5687
6507,-0.23511975834221485,0.036561618482575206,0.7,12571,0.6475471168841778,5687
2953,-0.10475324981670933,-0.06419163704020485,0.7,12571,0.8282024016002549,5687
756,0.10821904909406237,0.029644349633806886,0.7,12571,0.22998817979186703,5687
773,-0.15878311471051165,0.007784179017605677,0.7,12571,0.49208013603141676,5687
7900,-0.02890775228486347,-0.0010827208871939985,0.7,12571,0.6964836788521392,5687
4899,0.012335680568880285,-0.0067151762154119155,0.7,12571,0.742814786067906,5687
2876,0.000693989483553231,0.006238001356891465,0.7,12571,0.5672516263945764,5687
5096,-0.08920761321141503,-0.020964913206714078,0.7,12571,0.6285103664300629,5687
5112,-0.2165013482517212,-0.05437575364188257,0.7,12571,0.4315208790287295,5687
2845,-0.04082706909689292,0.07895421553055477,0.7,12571,0.6478663998852761,5687
2838,-0.22632297642616414,-0.012067319276868353,0.7,12571,0.539237818111922,5687
871,-0.38588302317972245,0.009708289267648378,0.7,12571,0.6558572719645732,5687
2763,-0.22634159515359523,-0.042259754434576795,0.7,12571,0.5276133863899879,5687
7761,-1.271397022312347,-0.1886639997230423,0.7,12571,0.562486805360108,5687
2757,-0.00884384463282622,-0.016120634647543198,0.7,12571,0.6641769907232477,5687
902,-0.06843800391145555,0.011586859746096233,0.7,12571,0.5073292480043905,5687
2740,-0.0024550575812047246,-0.0801459537845303,0.7,12571,0.5536548356078927,5687
935,-0.21481243158905244,-0.03905794618616571,0.7,12571,0.28129257519618467,5687
6375,-0.20408640993205296,0.03360584540992132,0.7,12571,0.41141001800054966,5687
2706,-0.13804520802759232,-0.003162903742823425,0.7,12571,0.5493326652481084,5687
2698,-0.22680200578619927,-0.025258629738433243,0.7,12571,0.32581353300335714,5687
5306,-0.5100698614800923,-0.156686307781117,0.7,12571,0.4537708686850618,5687
2603,-0.14499045405974542,-0.05198859915357699,0.7,12571,0.4311469147017545,5687
2959,0.14069406869282255,-0.0596874446737194,0.7,12571,0.45875485813209216,5687
2970,-0.2835798235082841,-0.13947210636903334,0.7,12571,0.4032276697250565,5687
2587,-0.11138545144566496,-0.004753533275340489,0.7,12571,0.2881576415792493,5687
2974,-0.11748719505734641,-0.09046895878509718,0.7,12571,0.4098944099288694,5687
6759,-0.06068510148951345,0.04691541156018477,0.7,12571,0.6060797553727284,5687
6755,0.03640475488218305,-0.02652591954503219,0.7,12571,0.5556501578250455,5687
561,-0.20686261303471268,-0.07341979130651256,0.7,12571,0.5155176811678749,5687
3194,-0.2055990125291319,-0.04525645179092774,0.7,12571,0.48247812456382133,5687
3167,-0.1828595897520278,-0.031886220557909545,0.7,12571,0.725154381408365,5687
585,-0.014748487779148911,-0.013457380039051167,0.7,12571,0.6616709865301407,5687
595,-0.1842402655997109,-0.07804292983331836,0.7,12571,0.4098442216471899,5687
4553,-0.022411763150047094,-0.15975321192282715,0.7,12571,0.48378767069516804,5687
6692,-0.09482142039113632,-0.016821590160765895,0.7,12571,0.6998085894591142,5687
4600,0.007374332985693005,-0.016867988583541674,0.7,12571,0.2967746759854215,5687
3108,-0.15836918300143107,-0.05521897645501097,0.7,12571,0.6401522832082842,5687
4616,-0.05499555136364226,-0.01819484601817713,0.7,12571,0.6010733215810481,5687
4621,-0.14774526403242222,-0.0809684602290224,0.7,12571,0.4257659748904902,5687
6643,-0.1536055764574763,-0.1013026819135112,0.7,12571,0.46098676002960914,5687
7903,0.028316177607246557,0.0505607598052142,0.7,12571,0.3278778704054496,5687
3027,-0.09741964279578616,0.07943810580230613,0.7,12571,0.7915927874748547,5687
650,-0.45568334579357733,-0.20288371447677142,0.7,12571,0.25440685634219695,5687
6635,-0.49749411104217367,-0.16107921440401807,0.7,12571,0.5353437198804575,5687
6596,0.03468191636210215,0.0230663423551675,0.7,12571,0.5632344081855913,5687
4698,0.22776599945246206,-0.03197537597687341,0.7,12571,0.12811922847690405,5687
690,-0.06014677765141616,-0.06623016394871957,0.7,12571,0.16808087305526687,5687
2999,-0.17164893287416355,-0.07235118060805142,0.7,12571,0.662253611009074,5687
6552,-0.3418294139519161,-0.03974483238768488,0.7,12571,0.5014776483983185,5687
1686,-0.16387999884663773,-0.055112398117524816,0.7,12571,0.3879324292748776,5687
4733,0.19235576149353312,0.10972300456102686,0.7,12571,0.11879630068183422,5687
2601,0.039058416812579565,-0.0023290621968431054,0.7,12571,0.5975785089573687,5687
2575,-0.03732691218876346,-0.014184928295133051,0.7,12571,0.5360671339819595,5687
3230,-0.29003749215644253,-0.14940964056527736,0.7,12571,0.4249524550148158,5687
1349,-0.14107484949359228,-0.018190489667282622,0.7,12571,0.4136635694807298,5687
1374,-0.006498193444584732,0.09147256243193883,0.7,12571,0.660772386920341,5687
2047,-0.41695177849040255,-0.06689605210458686,0.7,12571,0.28294933419122226,5687
2036,-0.1580421588336358,0.13505402555296678,0.7,12571,0.5611653067252289,5687
1382,-0.4160111418722773,-0.0218065444570318,0.7,12571,0.34077334715779095,5687
5773,-0.18795030553849945,-0.06762236368624032,0.7,12571,0.5418786489593247,5687
1978,-0.4909042250861659,0.051276983047946485,0.7,12571,0.4954251805259541,5687
1406,-0.01920459536121413,-0.038575609782908436,0.7,12571,0.3203965432272369,5687
1430,-0.5419317917382311,-0.23279892891150428,0.7,12571,0.5332081231201159,5687
5787,-0.0764213118844567,-0.048487505155837565,0.7,12571,0.6658964024835354,5687
1453,0.3533061785169804,0.05169500421717013,0.7,12571,0.353271345177292,5687
1872,-0.09756590998489299,-0.04104039350168682,0.7,12571,0.6567019763980004,5687
5794,0.0941611171248458,-0.005939214462963455,0.7,12571,0.16995352572324585,5687
5813,-0.3035698223287707,0.0256386786295832,0.7,12571,0.41930622669303386,5687
1814,-0.09482142039113632,-0.016821590160765895,0.7,12571,0.6998085894591142,5687
6005,0.004982875366703679,0.005117968194281832,0.7,12571,0.37802354918063796,5687
1811,-0.25371860981516203,-0.16191260261214288,0.7,12571,0.3058847086749483,5687
5843,0.0026432703380432944,0.015840374060546017,0.7,12571,0.7887245788681991,5687
1538,0.12178353499293991,-0.067299626333239,0.7,12571,0.601507163420671,5687
1587,-0.09486120388591454,-0.036560802651851895,0.7,12571,0.6991615459803775,5687
1765,0.004648686063465347,-0.007625176383965002,0.7,12571,0.6443981625718002,5687
3976,-0.2058088411636022,-0.005893864883842529,0.7,12571,0.6168302107681702,5687
1747,-0.22436932340280183,-0.0018353083486876269,0.7,12571,0.7130450048627945,5687
1738,-0.17039196176517415,-0.06402026713133768,0.7,12571,0.28713220501184233,5687
1735,-0.12102800056555052,0.012044152239305264,0.7,12571,0.6644726446335525,5687
1709,-0.07135006606634137,-0.0400948081363583,0.7,12571,0.7575643944103817,5687
5705,-0.09650949330752043,-0.15438495601982766,0.7,12571,0.5837182450527953,5687
1341,-0.3289016209994734,-0.0015383624298603209,0.7,12571,0.5581927211075963,5687
1071,-0.04362064435029948,-0.0015625579010587348,0.7,12571,0.5108322939214331,5687
1334,-0.22455500552423052,-0.1427174513890115,0.7,12571,0.6542111623356042,5687
6282,-1.0485951716993578,-0.290808022919562,0.7,12571,0.5363481938922283,5687
6266,-0.3761337252377692,-0.0322930846748619,0.7,12571,0.5223428720556299,5687
5452,-0.14830178270648486,0.0076409399001665665,0.7,12571,0.28139040790500636,5687
1103,-0.011142681686660412,0.013017807924588173,0.7,12571,0.40430793598309955,5687
2535,-0.15459689030450702,0.020393103404987782,0.7,12571,0.7513330371208707,5687
1117,-0.1347994367371321,-0.010105047279462594,0.7,12571,0.44514298586542456,5687
6254,-0.18613634321699557,-0.013751604206087061,0.7,12571,0.4399537357568387,5687
2513,-0.06478586718862757,-0.01225467795923579,0.7,12571,0.6061283147924801,5687
2477,-0.33181571278669403,-0.005460919321601657,0.7,12571,0.4600807150621655,5687
1174,-0.19063094233873557,0.11939595689595622,0.7,12571,0.3946426265637981,5687
1183,-0.15060522735242388,-0.025421179566082152,0.7,12571,0.27729087667429086,5687
1185,-0.3387506484275405,-0.23737892392216878,0.7,12571,0.45673850069857047,5687
6216,-0.061382160555305224,0.11307970956466518,0.7,12571,0.4094413045757833,5687
2470,-0.19755001392816188,-0.01217593316551966,0.7,12571,0.6203668513179135,5687
2456,-0.03532364709346894,0.01652584287873318,0.7,12571,0.4352310055175721,5687
2395,0.2715489135205308,0.008953637034316593,0.7,12571,0.29860915547005507,5687
8035,0.2489622054712917,0.08784988480256188,0.7,12571,0.33515385214715065,5687
5571,-0.2736584776932936,-0.06407397784128653,0.7,12571,0.6217288512347685,5687
1238,-0.044605820709019445,-0.01955917622246329,0.7,12571,0.511782673721451,5687
5572,-0.14376274478734205,-0.04725942312030876,0.7,12571,0.35885969006957685,5687
2368,-0.010548757520251893,-0.022732102265997915,0.7,12571,0.7162351086832792,5687
1255,-0.20249584165656886,-0.037805957808979836,0.7,12571,0.5726733237583969,5687
1260,0.06615810345086287,-0.012718886527550481,0.7,12571,0.2992368192774105,5687
2325,-0.15469863035081918,-0.05179196131397355,0.7,12571,0.7276445597096379,5687
6117,-0.33582411665755474,-0.0005041668167254893,0.7,12571,0.2458819113147881,5687
3231,0.0310396645035908,-0.03206480363680772,0.7,12571,0.5169304674683349,5687
6554,-0.014198705074473355,0.014366849398909734,0.7,12571,0.403709392977466,5687
4133,0.005714803914395474,-0.020047121450462276,0.7,12571,0.18929294322300694,5687
4157,-0.16088052704019384,-0.11370309769370382,0.7,12571,0.7228925893281759,5687
4114,-0.4217567189769796,-0.04545016811749746,0.7,12571,0.524574064240078,5687
7833,-0.005524866556122737,-0.04946935712916215,0.7,12571,0.3651103105899661,5687
7317,-0.0867546255485,-0.02926706134068033,0.7,12571,0.634917914604813,5687
3633,-0.04698792621912618,-0.004177406226753745,0.7,12571,0.17205398911579994,5687
7261,0.0692160951814772,0.00042503703776595607,0.7,12571,0.4017363151128982,5687
215,-0.10439722469564382,-0.010050761286292287,0.7,12571,0.7938315271451593,5687
3598,-0.28727635998241,-0.08052691701623384,0.7,12571,0.6707066032566278,5687
7247,-0.4882604598547699,-0.3166796058529112,0.7,12571,0.3767342310972239,5687
3592,-0.2648412367263599,-0.049959670579065335,0.7,12571,0.37612301125743763,5687
7224,-0.10330641589969614,0.037915659331773204,0.7,12571,0.329384067433227,5687
495,0.001593704465932507,0.027579472475425772,0.7,12571,0.6865480966937838,5687
7223,-0.07549420462198225,-0.06293972803289402,0.7,12571,0.4774067779531439,5687
7087,0.09050969487082716,-0.07308296574992264,0.7,12571,0.30821412455825015,5687
262,-0.2205918276908533,0.011988431174629265,0.7,12571,0.6954162963841923,5687
4161,-0.10954633339088246,-0.07580396727316689,0.7,12571,0.6237882103971018,5687
7812,-0.10925263808617834,0.00709465324662851,0.7,12571,0.489286047343519,5687
7211,0.008285934769658061,-0.0005142568213731181,0.7,12571,0.16852030844002386,5687
7195,-1.0946843823842944,-0.41218724231819165,0.7,12571,0.38434648510599567,5687
7173,0.039656761322766645,0.10456275355336167,0.7,12571,0.248232354244735,5687
7133,-0.09495141576416921,-0.12376486396790909,0.7,12571,0.1716742974683263,5687
7126,-0.01370070174453728,-0.03402970945180421,0.7,12571,0.5983563606231788,5687
7108,-0.1536903788990482,0.022536630667317065,0.7,12571,0.43052640001173403,5687
7109,0.1376000242112267,0.019009815415188824,0.7,12571,0.28979541266106645,5687
7088,-0.099752175829771,-0.08084479793996856,0.7,12571,0.49505011345768024,5687
4093,-0.09424884567459017,-0.00632567189256034,0.7,12571,0.4035022596509932,5687
167,-0.16747545084255494,-0.1221611083805222,0.7,12571,0.1769324176372422,5687
7357,-0.49574520195258787,-0.01980523478009207,0.7,12571,0.14105175736743847,5687
7365,0.07993172915878301,0.01877448532317091,0.7,12571,0.502693831807747,5687
3950,-0.17441406479747934,-0.10279912627249209,0.7,12571,0.48196094865150085,5687
7589,-0.2932541309787991,-0.05395894861422993,0.7,12571,0.2631522177727432,5687
3927,-0.22335510520274993,-0.04835163254875385,0.7,12571,0.4559476495223229,5687
7569,0.0649445390813323,-0.126158375678968,0.7,12571,0.37355944594031754,5687
3906,-0.03221793166512365,0.08557179934490204,0.7,12571,0.42880052016845216,5687
61,-0.05080687970878295,-0.03035841803936978,0.7,12571,0.5531494203881203,5687
62,-1.8701638707346353,-0.09520176533472796,0.7,12571,0.5941859059112605,5687
7550,-0.12102800056555052,0.012044152239305264,0.7,12571,0.6644726446335525,5687
3905,-0.24270619100336735,-0.02458265609619438,0.7,12571,0.21347100681470166,5687
7536,-0.23221866606293962,0.029190276867303872,0.7,12571,0.7363455472483724,5687
7532,-0.2940726651096421,-0.03551599044823074,0.7,12571,0.43076315806297105,5687
7528,-0.1449608686684307,-0.012837762390391305,0.7,12571,0.5011793769018317,5687
75,-0.18728126526687355,-0.022957736901985788,0.7,12571,0.4269731302969991,5687
85,-0.3430621153544547,-0.12131373189114841,0.7,12571,0.4921548373528096,5687
4014,0.0020651942631834536,-0.023170715082484878,0.7,12571,0.5166628179484324,5687
4043,-0.0909535175182869,-0.016722739191580474,0.7,12571,0.8201022721685531,5687
3764,-0.11986289160406718,-0.1525066599154456,0.7,12571,0.2553933966108022,5687
4062,-0.12315849338777227,-0.005251881682385326,0.7,12571,0.5893991451098843,5687
3726,0.039022683676920696,-0.0025744524417829345,0.7,12571,0.6583723834594656,5687
4066,-0.05465836035435953,-0.009433231462837411,0.7,12571,0.5586148537466883,5687
4069,-0.0776059955275045,-0.0002471514113219984,0.7,12571,0.3619388417275171,5687
134,0.05693972829984287,0.006623988037187867,0.7,12571,0.3138473791020804,5687
142,-0.03136818366621755,-0.025598625554686845,0.7,12571,0.6696390919164382,5687
3417,0.10294705689221094,0.011188135866310038,0.7,12571,0.5207818651020908,5687
1703,-0.029938786751243982,-0.02861340890109952,0.7,12571,0.6327646534379477,5687
6931,-0.19043587075886992,-0.036480161355033194,0.7,12571,0.48528347357013746,5687
347,-0.11476758556426048,0.030857666679583673,0.7,12571,0.5226578670692186,5687
398,-0.024269377593537627,-0.054697979038161856,0.7,12571,0.628203704899325,5687
6927,-0.25136293869453913,-0.018329959423781003,0.7,12571,0.4909984429949552,5687
3371,-0.19803212083610644,-0.08048915566366016,0.7,12571,0.3328109344247816,5687
3377,-0.14585824898146973,0.0006476108821050911,0.7,12571,0.4254781261419648,5687
450,-0.17082526728098335,-0.025242717304243784,0.7,12571,0.384513573147956,5687
6988,-0.16931393324300079,-0.0859959917702092,0.7,12571,0.4418212184901177,5687
6993,0.03913737584051625,-0.04965769733494797,0.7,12571,0.5645392360158765,5687
3361,-0.15117088951195543,-0.062001263399718336,0.7,12571,0.48133467840338606,5687
3358,0.07844161866363712,0.011561188177533325,0.7,12571,0.8316773997278557,5687
7023,-0.1467026134013707,-0.07465411872577125,0.7,12571,0.5917350485307072,5687
460,-0.10341707219000787,-0.046454392863803706,0.7,12571,0.7187619139767547,5687
465,-0.1592406629169219,0.01589905775313779,0.7,12571,0.7095911643873822,5687
3391,-0.22634159515359523,-0.042259754434576795,0.7,12571,0.5276133863899879,5687
7053,0.06302009568215086,-0.024659967491749257,0.7,12571,0.39948640815654257,5687
3351,-0.2025513551804113,-0.0377663462471185,0.7,12571,0.5829542984090055,5687
3291,-0.062118700472499205,-0.008589282798228093,0.7,12571,0.20069883818170764,5687
6838,-0.17887181229638144,-0.032658967369930285,0.7,12571,0.46534319085136555,5687
3364,-0.20022165230210745,-0.06489978890334913,0.7,12570,0.5218355058924051,5687
1310,0.05867065334645743,-0.022991463036194364,0.7,12570,0.6815060417778249,5687
5626,-0.14440517652014706,-0.06070886591046476,0.7,12570,0.5450200691115455,5686
7782,0.32213120222627156,0.13129900125128963,0.7,12570,0.23557353014491167,5687
2344,-0.36537426536998263,-0.04818919834805446,0.7,12570,0.4609777282650951,5687
157,-0.01005782454364219,-0.11009249981034847,0.7,12570,0.35784730329869563,5687
1252,-0.059204802133432016,-0.031666752379444024,0.7,12570,0.5412974521004333,5687
1244,0.11281947312517934,-0.015194585676930805,0.7,12570,0.42271684336643,5686
1672,-0.3958403329333176,-0.11050738241621873,0.7,12570,0.38881779407815353,5687
1567,-0.23676341077682236,-0.1181897421720441,0.7,12570,0.3635201721109924,5687
7791,-0.13622492323882843,-0.003667915498392819,0.7,12570,0.7675401488043433,5687
6207,-0.16117035335541807,-0.047880554279887175,0.7,12570,0.2721447595619696,5687
180,-0.21058012279357058,-0.07084799156983071,0.7,12570,0.538476685885657,5687
5564,-0.13806104249666704,-0.02618070397035234,0.7,12570,0.11109703345891542,5686
4441,-0.009085098236415665,-0.006608066027577477,0.7,12570,0.33176775539007985,5686
798,-0.20699848112144806,-0.04389675713331659,0.7,12570,0.7040412283979467,5686
1207,-0.10720193155212457,0.025510653895540903,0.7,12570,0.4691221553484699,5686
190,-0.14122478255073576,-0.026415900125289476,0.7,12570,0.4716933149679472,5687
191,-0.41749257060060774,-0.21511126370514255,0.7,12570,0.7382036024904448,5687
2475,-0.6924261075244138,-0.4210254347318717,0.7,12570,0.5207546928156569,5686
3667,-0.09516924985251383,0.02195876985207775,0.7,12570,0.53411027364825,5686
6764,-0.1382160365503978,0.0032611798575957404,0.7,12570,0.5487485736892984,5687
2111,-0.23284812150214007,-0.11849922050250067,0.7,12570,0.5238003075046078,5686
565,-0.33865569898758624,-0.05707006064473498,0.7,12570,0.39499316752197866,5687
5841,-0.16706275428585093,-0.028810513558789906,0.7,12570,0.35767339339163806,5686
1531,-0.021759548661863217,-0.023989591965558135,0.7,12570,0.27735528458154823,5687
571,-0.061457674639671785,0.0008030845355639917,0.7,12570,0.4417958174591604,5687
1797,0.27173754826164587,0.17408989167695954,0.7,12570,0.34226208392483637,5687
3184,-0.0791145393809273,-0.06191306418608438,0.7,12570,0.663075305122871,5687
6850,-0.0006656949428450339,-0.005878225415441887,0.7,12570,0.41654122540110083,5687
5944,-0.11447699309369215,0.0021805061615115615,0.7,12571,0.40604113497877037,5687
583,-0.051161157917194444,-0.05817149276822753,0.7,12570,0.4971792656240688,5687
1774,-0.26109135841996284,-0.13514998569664904,0.7,12570,0.6336316833971929,5687
6042,-0.1407200415572059,-0.08135116999055142,0.7,12570,0.607690806096209,5686
3160,-0.07311380489458243,-0.02250409824182477,0.7,12570,0.6474635533693426,5687
5786,0.04567001159612537,0.029804795672976437,0.7,12570,0.4479374970642067,5687
3609,-0.18429300538713192,-0.10160037099363206,0.7,12570,0.6800972803730271,5687
7561,0.14728076907559318,-0.040686482974815225,0.7,12570,0.7018588234291773,5686
1397,0.05318755528229375,-0.01763531129667026,0.7,12570,0.45942014401337583,5687
5709,-0.15713459488088147,-0.038766027218357486,0.7,12570,0.36033169565393475,5687
620,0.0015811493481913707,-0.030512138913316073,0.7,12570,0.5570787207738634,5687
3275,-0.1333384842585173,-0.139182181141422,0.7,12570,0.5788733373929583,5687
1641,-0.07633158472640163,0.008203279205562256,0.7,12570,0.7011412617567137,5687
6623,-0.5649021938760838,-0.023071992476778883,0.7,12570,0.1431257890121046,5686
498,0.021598066327081798,0.006012705581449518,0.7,12570,0.4930207285688437,5686
2644,-0.22513247382060844,-0.07521456840253948,0.7,12570,0.7405618833343623,5687
1053,-0.1236859716607567,-0.1033808497837438,0.7,12570,0.31692608541388567,5687
5329,-0.12299429615129871,-0.03744039773746382,0.7,12570,0.49369622134389546,5687
4329,-0.21187396352523305,0.037568552423596836,0.7,12570,0.5189724684518905,5687
5189,-0.2752536928945021,-0.194249085875375,0.7,12570,0.36802481072824267,5687
6393,-0.07333278702322094,-0.016930829538247948,0.7,12570,0.4692727859314255,5687
7042,-0.13968919425623436,-0.013933682281062313,0.7,12570,0.3201065512315542,5686
5451,-0.07180272884940853,-0.10954887260213325,0.7,12570,0.5970921442258343,5687
6387,0.113287883082451,0.016136008576510284,0.7,12570,0.20999941001668643,5687
3442,0.0065274744259137644,-0.1336250262856537,0.7,12570,0.5713070709501378,5687
3403,-0.07513664497918326,-0.0032195681793797037,0.7,12570,0.41229292542574014,5687
5420,-0.1196604641006148,-0.09302431139806461,0.7,12570,0.4711277288462197,5687
6336,0.17580729029562708,-0.027331594393817625,0.7,12570,0.4987204208003906,5687
2605,-0.003719316770072564,0.00033873989500263603,0.7,12570,0.2926971721836519,5687
7955,-0.30906681691032545,-0.0003457192382395048,0.7,12570,0.696634475556686,5687
4169,-0.13051060467953662,-0.011005940711095424,0.7,12570,0.25720712001792767,5687
4245,-0.12729667516202317,0.001895085003302697,0.7,12570,0.6105837029162797,5687
4204,-0.031234270664106438,-0.035578649830730565,0.7,12570,0.7205626855498022,5686
739,-0.45951420205362536,-0.032490141471126485,0.7,12571,0.5424568864848438,5687
2836,-0.31309735568666125,-0.030186876540048264,0.7,12570,0.4348181400860427,5687
2489,-0.28667358564276946,-0.14989236661544167,0.7,12570,0.49389442320967303,5687
2497,-0.024903205443981637,-0.013988721431917282,0.7,12570,0.5835124561527312,5687
4979,-0.24942470252149282,-0.0893716376639756,0.7,12570,0.5264265860658446,5686
2512,0.042781392900494854,-0.11075604126836892,0.7,12570,0.6751166931742277,5687
1128,-0.04375408027255466,0.007124630545654407,0.7,12570,0.13179680588657883,5686
7047,-0.3642991302872803,-0.04845195936834149,0.7,12570,0.5045780574529626,5687
5324,-0.20971917576510715,-0.03327943503588107,0.7,12570,0.5429645365629145,5686
6582,0.03309877220664337,-0.13664791372348703,0.7,12570,0.625391240334823,5687
7694,-0.17841267882817002,-0.06731518519784951,0.7,12570,0.43450019853521127,5687
4013,-0.028151856498742942,-0.03455824837404857,0.7,12569,0.6448607612177356,5686
1602,-0.13702902738639045,0.0024021265911330493,0.7,12569,0.687972490380941,5686
6416,-0.018870124129528473,-0.005130007454862206,0.7,12569,0.33775426639542494,5686
5122,0.03446458447308591,0.01349632067159525,0.7,12570,0.6663348504485458,5686
6455,-0.17906564412074974,-0.1154795578715498,0.7,12569,0.715526019879282,5687
314,-0.13728896618428163,-0.034323617109891985,0.7,12569,0.5318341320274617,5687
5833,0.05717851020186902,-0.02505195733344029,0.7,12569,0.3892340166253757,5687
1506,-0.15221531258762205,-0.01160822916948011,0.7,12569,0.5486601282758327,5687
7765,-0.19896409711707,-0.058693458935485526,0.7,12569,0.2756124197923129,5687
8038,0.04163294286525491,0.017425309901672088,0.7,12570,0.7509049875674709,5687
1923,-0.05602825778951687,0.007463890182857183,0.7,12569,0.6336040631376663,5687
2714,-0.44642936994218185,-0.04580509892284656,0.7,12569,0.5162497608322716,5685
6937,-0.022995200416843536,-0.010719000442503889,0.7,12569,0.5563535368175334,5687
3140,0.11668554060861877,0.005636492781174591,0.7,12569,0.5801350539570171,5686
2987,-0.05788825090584901,-0.01299147171230804,0.7,12569,0.43363616906438984,5687
1107,-0.05465342109135121,0.12845020968730528,0.7,12569,0.7180249486702859,5686
6911,0.03347661169006942,-0.03560896916021499,0.7,12569,0.4457124038405965,5686
441,-0.048276447104396214,-0.04183322677477456,0.7,12569,0.530086875445704,5686
687,-0.11222636262045717,0.01265297878558082,0.7,12570,0.5537924580678628,5685
6265,-0.19896409711707,-0.058693458935485526,0.7,12569,0.2756124197923129,5687
2354,-0.10457825930357557,-0.009817658692321608,0.7,12569,0.7922570560784494,5687
7255,-0.2893468471537374,-0.1819840097769482,0.7,12569,0.28761144035661357,5685
2530,-0.033083705239732725,0.058064856899516175,0.7,12569,0.2718914049999558,5687
1266,-0.018870124129528473,-0.005130007454862206,0.7,12569,0.33775426639542494,5686
7373,0.10076063673065312,0.0015342688235144622,0.7,12569,0.5140161689074147,5686
3017,0.029906197118474552,0.012551420630902609,0.7,12569,0.3133492671044984,5686
2197,-0.03562566635776238,-0.009168065026879868,0.7,12569,0.6343755829433495,5687
3700,-0.2702106505801469,-0.14628182331222073,0.7,12569,0.4100233617322995,5687
1209,-0.30462653840189907,-0.017485928822050478,0.7,12569,0.4164642606039225,5687
7287,-0.043638291150471124,0.008922776764036635,0.7,12569,0.5565763675703272,5686
1161,-0.31644128495414997,-0.015094484349021142,0.7,12569,0.5699925142538893,5687
1361,0.049395665752347453,-0.014405108637015555,0.7,12569,0.5177841686655127,5686
109,-0.10010225950930011,-0.10536458239910704,0.7,12569,0.4000363576034123,5687
7302,0.011465667509159193,0.005536854990270629,0.7,12569,0.35242548861890677,5686
3138,0.02800031669974073,-0.030842414936811037,0.7,12569,0.3646263025139934,5687
6926,-0.09216815568403851,-0.01135516342281298,0.7,12569,0.11154338197517455,5687
7117,0.03783848834734,0.005995517648890511,0.7,12568,0.2020008455978397,5687
4289,0.06460106279063722,-0.02243724730754165,0.7,12569,0.6799400552792774,5686
7054,-0.24113553207852811,-0.06951143669145976,0.7,12568,0.4743845537477378,5684
2926,-0.08079497720017269,-0.01722534933471666,0.7,12568,0.5086100168967027,5684
96,-0.5465527357833951,-0.1333821238214336,0.7,12568,0.4785830175698823,5686
6271,0.16241761875610586,0.03947526634108114,0.7,12568,0.653939636998172,5687
7498,-0.010058367782661518,0.01192526946164211,0.7,12568,0.5688002353520655,5684
6297,-0.21633809994418088,-0.04163634760774945,0.7,12568,0.6117003537381309,5685
6865,0.014198186716023797,0.025623960377807564,0.7,12568,0.3666332906990405,5686
5174,-0.012116107450341841,-0.023668374098300145,0.7,12567,0.769414788771474,5684
3518,-0.0982166928159701,-0.004119105299664696,0.7,12567,0.4571797464048176,5683
3368,-0.34494066187213007,-0.09548676078031619,0.7,12567,0.6566061655971451,5685
3714,-0.16319471455471213,0.008753160938690552,0.7,12568,0.5689654978761258,5686
4632,0.02033933769910365,-0.00879267008189912,0.7,12567,0.6968324455018553,5685
5858,-0.15563420855991117,-0.26139376533987235,0.7,12567,0.7633124115724248,5687
175,-0.10377868330318656,-0.020445016864824535,0.7,12567,0.5169269327542745,5687
6590,-0.43473038028200156,-0.260060906802194,0.7,12568,0.6606354266934904,5684
266,-0.032232842756559445,-0.15358374326450583,0.7,12567,0.607871437885029,5683
7139,-0.24819333733196813,-0.009903886689636847,0.7,12567,0.5782089447226291,5685
229,0.1394398141502376,0.015832442924997456,0.7,12566,0.323464002419416,5687
2971,-0.11555362926989665,-0.03089936729913337,0.7,12566,0.7709526865743926,5684
930,-0.4993182226837861,0.02131426571205985,0.7,12567,0.611343364433856,5687
8091,-0.4215063091425445,0.038067818230084066,0.7,12566,0.3926106222235348,5687
7490,-0.11232239526623658,0.05353887573789271,0.7,12566,0.608460887895757,5687
23,-0.14385889439362956,-0.05140651528045409,0.7,12565,0.5627201077709645,5687
2041,0.012174806397780796,-0.09216887753590772,0.7,12565,0.34105736070571036,5687
5474,0.16264937663010537,0.035543635140474365,0.7,12565,0.5346556185771885,5683
6236,-0.20826948300897405,-0.12187764031078656,0.7,12565,0.4321776801851326,5681
2661,0.07375738630612982,-0.04146420711717096,0.7,12565,0.280130660675287,5681
1062,0.019936143754228496,-0.012801217139020419,0.7,12565,0.5041342965303599,5687
6825,0.19103957582896386,-0.019199797919231945,0.7,12564,0.23543700499847298,5687
3509,0.020174580001338212,-0.018147552485076244,0.7,12565,0.6473705186000771,5687
3539,0.02366524318603758,0.054166226435877644,0.7,12565,0.23142596612675526,5687
7337,0.03725239259771639,0.04617152965705596,0.7,12564,0.5713288707570598,5686
3992,-0.23690776631141355,-0.027020685800694617,0.7,12563,0.4071701964547325,5683
1715,0.038378338498685834,0.11244412285246601,0.7,12563,0.39133317922790767,5679
1001,-0.21101464733580097,0.010980764713000487,0.7,12562,0.5413251300477666,5687
7085,-0.5244972971714025,-0.011519165846631908,0.7,12562,0.5630539921577244,5683
5774,-1.2103364308546267,-0.14045950549983044,0.7,12560,0.4680402791409094,5684
1945,-0.24222615195954483,-0.07558546843919078,0.7,12560,0.7341376382389748,5676
2578,0.04279239575882447,-0.07739715940991168,0.7,12560,0.6279342763648155,5686
612,-0.021128652062905002,-0.002285351173268722,0.7,12559,0.4481017623500805,5675
2832,-0.18353892906432034,0.0035090909847164072,0.7,12558,0.7612386745200611,5685
7043,0.006333108894697341,-0.0002645041404046288,0.7,12557,0.5616442454578043,5682
3702,-0.01828513974275443,-0.03916516393935121,0.7,12554,0.7312934915074769,5670
2945,-0.07189982181896909,-0.05321370000907991,0.7,12549,0.5334523704200873,5675
4060,-0.08918326215881121,0.11082383922688274,0.7,12547,0.23278436627071852,5709
7436,-0.03524457515747489,-0.03266636900758556,0.7,12547,0.7772181315223513,5709
3998,0.14696409493341797,-0.0782905545033953,0.7,12547,0.48235763152797184,5709
6739,-0.1410784895684469,-0.058857440045482275,0.7,12547,0.4665953105949243,5709
4539,-0.13931585298824103,0.04906159944647139,0.7,12547,0.4048840312203782,5709
6731,-0.1976224435822971,-0.018974641326074702,0.7,12547,0.4880930800781329,5709
3996,-0.559334992166387,-0.052758623306507685,0.7,12547,0.4144803247773371,5709
4543,-0.07339429711174067,-0.07766433113315373,0.7,12547,0.5486488645517225,5709
6727,0.11508398983584998,0.08355443794087504,0.7,12547,0.5397879108958307,5709
4548,0.0037359358574912916,-0.11541732591816085,0.7,12547,0.623367409939737,5709
6712,-0.21628327099990358,-0.038596158214565204,0.7,12547,0.591944611087535,5709
4589,-0.7854157175055222,-0.4470687135950619,0.7,12547,0.48556984403604375,5709
6684,-0.29497399281644276,-0.04756530370313974,0.7,12547,0.5148873724897403,5709
7602,-0.08894312437934536,-0.0021312807738878736,0.7,12547,0.40808328486601897,5709
4602,-0.024642775659539033,0.017958698171744433,0.7,12547,0.2696229824938846,5709
6664,-0.453903200924444,0.039740342788081535,0.7,12547,0.3529194869330027,5709
4614,0.365924584085261,0.11250188772922567,0.7,12547,0.42708314458294216,5709
4526,0.18083921999616792,0.02965672454287912,0.7,12547,0.29372987722425314,5709
6750,-0.20684825615940633,-0.10322756157430614,0.7,12547,0.5644833556439688,5709
4507,-0.00182949718540868,0.030551019746788075,0.7,12547,0.3664809181199645,5709
4439,-0.22452536559216768,-0.0301805851821429,0.7,12547,0.5111521366690208,5709
6793,0.30165462303184726,-0.011199890703610426,0.7,12547,0.6409708996768401,5709
7544,-0.009841671748923505,0.008510493156263474,0.7,12547,0.578173908424445,5709
4407,-0.06761692032334221,-0.002416742595497548,0.7,12547,0.4992286863298614,5709
6788,0.3018544667286332,-0.01593904721878034,0.7,12547,0.4049445074719398,5709
7559,-0.16019969365846204,-0.20464208163261238,0.7,12547,0.7231996656208228,5709
7585,0.087475519431479,0.09303478147828274,0.7,12547,0.534560932653002,5709
4437,-0.04494918069727056,0.017709324908500735,0.7,12547,0.6055313948422246,5709
4496,-0.014749194894696602,-0.07165390702631182,0.7,12547,0.643954321435017,5709
6790,-0.003438194443648555,-0.011518069170523787,0.7,12547,0.4089735183928599,5709
6777,-0.09623736821652668,-0.04786716866521101,0.7,12547,0.6162984033663754,5709
6772,0.06590812233478704,0.05061762569202827,0.7,12547,0.423918639557758,5709
4459,0.020617768800263215,-0.045134629148313794,0.7,12547,0.48055893612121636,5709
4470,-0.16788318707411712,-0.0769098328360235,0.7,12547,0.7420420184675877,5709
4489,0.023616305365927646,0.004672472361455505,0.7,12547,0.4396435297951018,5709
6667,-0.016291132472936877,-0.16924285085563592,0.7,12547,0.34548863211467007,5709
3995,0.02498076236800228,-0.048154429186899717,0.7,12547,0.49024613274046835,5709
6662,-0.2793571728756999,0.037956643875680644,0.7,12547,0.5173239991556963,5709
6516,-0.5451959911002606,-0.14437615056400763,0.7,12547,0.4489092391058461,5709
6574,-0.002483886231306814,-0.015342077190239306,0.7,12547,0.422722707857184,5709
7755,-0.39430050356711405,0.00673428188759642,0.7,12547,0.572862454711887,5709
6544,-0.14178387082167832,-0.1413978114736717,0.7,12547,0.41136790387784405,5709
4742,-0.19140632091549803,-0.04538920828948228,0.7,12547,0.5162793637938803,5709
6525,-0.07065059172220263,0.021035363279812345,0.7,12547,0.10460042026402283,5709
4743,-0.12993192939017023,0.10088635812186425,0.7,12547,0.5402510243076526,5709
3982,-0.08534403104817893,-0.06943093774731739,0.7,12547,0.4225352056954631,5709
4704,0.929741839014061,-0.001263036667545285,0.7,12547,0.2639069184400219,5709
6518,-0.10056173323230724,-0.08306862252909786,0.7,12547,0.5380961349488977,5709
4830,-0.35702548643075266,-0.11332262973771688,0.7,12547,0.6287209439388516,5709
6509,-0.24210628389883035,-0.03002662449291696,0.7,12547,0.1227580707267959,5709
4858,-0.31185367831129307,-0.03935304344097799,0.7,12547,0.5074761228417977,5709
6501,0.024562595387608233,-0.023971256282507146,0.7,12547,0.561031873718567,5709
4890,-0.16201721125267068,-0.05092366736746854,0.7,12547,0.29837593025170406,5709
4716,-0.1193354547204868,-0.05334761578760289,0.7,12547,0.6525819775752135,5709
3987,-0.6098792424603013,-0.2043221545650499,0.7,12547,0.35070883871694114,5709
6654,0.14454730221969903,0.17772255280137136,0.7,12547,0.24949992584336222,5709
4665,-0.12875403081833547,0.004031617205571246,0.7,12547,0.38643667170198537,5709
4624,-0.07833337058506809,0.030547745877180333,0.7,12547,0.30216930256248187,5709
4630,-0.15516303471325282,-0.04553955067665611,0.7,12547,0.42532500384808203,5709
6642,0.11440155571071099,0.0524167809971674,0.7,12547,0.8539322563314111,5709
4652,-0.031633544408712286,-0.012369533514383359,0.7,12547,0.753645748449148,5709
4659,-0.04225055528648819,-0.024342233462151967,0.7,12547,0.7501950913187161,5709
7792,0.09167965221471114,0.008930940651500185,0.7,12547,0.7810591954100198,5709
4670,0.1931906162995787,0.2149697528736058,0.7,12547,0.39083590896148435,5709
6598,-0.20953971760978765,0.024823024804505094,0.7,12547,0.3309517813267622,5709
4678,-0.0806136291972122,0.0015247191270401114,0.7,12547,0.7233882651898189,5709
7714,0.0316685635045367,0.29916457267603686,0.7,12547,0.3162829202110713,5709
3989,-0.012953350851529082,0.015264285790789263,0.7,12547,0.31491267896197084,5709
6633,-0.03495514329562568,-0.025170918181885032,0.7,12547,0.5622181099999416,5709
4688,-0.05115690138901799,-0.059017156643985956,0.7,12547,0.5116446559718855,5709
4695,0.04367383182067111,-0.021062414002818032,0.7,12547,0.5405271312664643,5709
4398,-0.015464419265234782,-0.03181861681459672,0.7,12547,0.46202457776786454,5709
4373,-0.024189826623534704,-0.0754311220289759,0.7,12547,0.6175893456939896,5709
4004,-0.008832844130605075,0.048064141024339826,0.7,12547,0.3283630353549116,5709
4131,0.5488930814871372,0.35345872217836083,0.7,12547,0.5191396862358525,5709
7677,-0.3389752876482489,-0.01712544686789424,0.7,12547,0.46708497956785966,5709
4121,-0.0038680424795584792,0.011513149273486475,0.7,12547,0.6000558637999045,5709
7297,0.5903800837681081,-0.0427625206214824,0.7,12547,0.3395145059348068,5709
4126,-0.04478813177002497,-0.046468473132744395,0.7,12547,0.47720545289922145,5709
4124,-0.03302729759916122,0.0030193225667124795,0.7,12547,0.5547012146187402,5709
4130,-0.048006562366926686,-0.05046585196783551,0.7,12547,0.3084542935389538,5709
7293,-0.5814688852552194,-0.4290063386323891,0.7,12547,0.32527026382590063,5709
4041,-0.15150196348803455,-0.060782112099654735,0.7,12547,0.583142117424659,5709
7250,-0.2309811647977558,-0.03577666864240728,0.7,12547,0.8390563024213227,5709
4032,0.03066147626110566,0.000358354877005719,0.7,12547,0.5563854034577125,5709
4135,0.026006598222561874,0.05605590631428681,0.7,12547,0.6818973360518896,5709
7226,0.00029638495272306235,-0.05424126573838324,0.7,12547,0.6703574084932962,5709
4029,-0.0017249304054975604,-0.05970812227302615,0.7,12547,0.6255562516714684,5709
4155,0.06896522693394141,-0.0008156522138349268,0.7,12547,0.5904360038929193,5709
4036,-1.188647099355957,-0.38704536490744335,0.7,12547,0.4446418310488325,5709
7460,0.24413569692777504,-0.06797584728514781,0.7,12547,0.4278259114058449,5709
7217,0.18997051470391557,-0.09579411768199082,0.7,12547,0.3128133361904115,5709
4054,0.1213900901595849,0.07744148607807501,0.7,12547,0.7837724556910364,5709
7424,0.0316731190632234,0.004563536896053702,0.7,12547,0.2847486162242867,5709
7422,0.0805494109996111,0.005882336109530339,0.7,12547,0.4265562157169551,5709
7414,-0.14562670922807294,-0.23858928994567086,0.7,12547,0.300871102126288,5709
7392,0.2700017205935617,-0.14288230336441926,0.7,12547,0.2435513086888379,5709
4078,0.47310184886903917,-0.2162074093895038,0.7,12547,0.46348079712698276,5709
7449,-0.25361749878652773,0.014301724725364862,0.7,12547,0.1955212486928677,5709
7388,-0.0746550447510839,0.1334694576696168,0.7,12547,0.6431565867709457,5709
4107,-0.17428835195802966,-0.10981404713755909,0.7,12547,0.34731259773946066,5709
4080,-0.1877482301535979,-0.04547030545166749,0.7,12547,0.718531889112906,5709
4083,-0.03208309244889839,-0.04842446780320045,0.7,12547,0.6630576448353118,5709
4053,-0.977081242537333,-0.348995384217378,0.7,12547,0.5645891690838956,5709
4087,0.22413315367784262,0.00919673863542532,0.7,12547,0.737084534699681,5709
4088,-0.2515585777664497,-0.22953309648383985,0.7,12547,0.6902101726027355,5709
7353,0.05860551581146888,-0.16494472645290884,0.7,12547,0.43716020507401065,5709
7227,-0.3475955091206255,-0.14492418207754112,0.7,12547,0.7379779288094451,5709
4027,-0.31464759619863425,0.0036315820578324822,0.7,12547,0.2711254661805713,5709
4353,0.026361114762224122,0.021852778877742323,0.7,12547,0.6570539272231761,5709
6956,-0.03979430616251937,-0.04896868028773181,0.7,12547,0.5238859641626552,5709
4892,-0.3655618778141516,-0.17821376664078797,0.7,12547,0.306361975680825,5709
4294,0.09305225533276107,0.36558046502933905,0.7,12547,0.386718738528925,5709
7540,-0.1561758784611272,-0.14968765690603253,0.7,12547,0.6157809596979524,5709
6997,-0.21764889423050565,-0.1732223599137471,0.7,12547,0.5361683271811742,5709
4328,-0.014509822231018859,-0.06271103886610536,0.7,12547,0.5477279365698554,5709
6967,-0.5538665099044792,-0.37864342669902906,0.7,12547,0.40945566723163374,5709
6954,0.1478256069574266,0.07225003935542008,0.7,12547,0.6862110823563066,5709
4291,-0.08159673064685255,-0.01988839691413199,0.7,12547,0.38083345648371725,5709
4011,-0.05135419062189295,0.020323645125960854,0.7,12547,0.28423417642984805,5709
6886,-0.2641774373727931,-0.07588600098388107,0.7,12547,0.6087513873885999,5709
4007,0.01830044983005487,-0.0748990694879813,0.7,12547,0.6316912441455196,5709
4338,-0.15040872048197368,-0.017178430050392827,0.7,12547,0.4210185800416636,5709
6873,-0.571196214192217,-0.4836819672631226,0.7,12547,0.41791376036656347,5709
6874,-0.3195206233814049,0.029062291066439365,0.7,12547,0.2736643348949428,5709
7076,-0.3616653161776028,0.09500352733544093,0.7,12547,0.32091821920233,5709
4279,-0.05653423898016738,-0.0017331186750789308,0.7,12547,0.6655907685914337,5709
7209,-0.47824909373924357,-0.133858204729901,0.7,12547,0.17863816387899767,5709
4225,-0.004588812183944132,0.021992520372520006,0.7,12547,0.4960015826006515,5709
7164,0.2366382599695763,-0.4819446438469287,0.7,12547,0.7802544947014868,5709
4025,-0.0888671791454173,0.0066716219388265816,0.7,12547,0.4049541463253864,5709
4196,-0.256649224039391,-0.1796940043002658,0.7,12547,0.4093473689880164,5709
4201,0.297194665989359,0.1092643649129142,0.7,12547,0.33084036965402197,5709
7158,-0.1916952916781668,0.01321294608037111,0.7,12547,0.44075779175004137,5709
4205,-0.10272126201977921,-0.022140102877418976,0.7,12547,0.1852571386510936,5709
4236,-0.033576038247734016,-0.014107478977869632,0.7,12547,0.5337776276836366,5709
4015,-0.33685529934395964,-0.19816571852617326,0.7,12547,0.334866230747214,5709
4240,-0.05792681082522433,-0.06247485144166777,0.7,12547,0.5871131467295155,5709
4247,-0.07003951436057931,0.0035062177369507923,0.7,12547,0.5980141512327808,5709
7155,-0.03703969582261779,0.08416907954204801,0.7,12547,0.45295833888685855,5709
4020,0.02168688883748306,-0.03071573004235409,0.7,12547,0.8263671423063875,5709
4259,-0.3817645524389715,-0.06417534459736983,0.7,12547,0.41633871978447257,5709
4266,-0.16694795916832794,-0.0847884322636507,0.7,12547,0.7588760200208591,5709
5890,-0.007076711628114041,-0.010482621401063416,0.7,12547,0.515748783281605,5709
4924,-0.025515829539627083,0.019574691133940725,0.7,12547,0.5040962906723474,5709
6496,-0.184046020573392,-0.11392444342402083,0.7,12547,0.5114687271298475,5709
5761,-0.08489637433922666,-0.006096908773311229,0.7,12547,0.44882809042864624,5709
5669,-0.042838587469758466,-0.03481331912706494,0.7,12547,0.31752139719622696,5709
5674,-0.0019399288404686207,-0.005227712393610514,0.7,12547,0.7608445292338887,5709
6096,-0.001228841591354685,-0.006556124913658816,0.7,12547,0.5318903337268289,5709
5685,-0.6018454597197337,-0.10590175305178551,0.7,12547,0.597277182373791,5709
6099,-0.1069162520664544,0.020284112329667772,0.7,12547,0.32217393918181136,5709
5691,-0.12478378053121031,-0.3132458353267059,0.7,12547,0.43366078253530527,5709
6089,-0.02827716745931574,0.025595385248165167,0.7,12547,0.4503840683438788,5709
6090,0.5480082705504129,-0.41757291964918875,0.7,12547,0.41293155520185787,5709
5714,-0.07003784210927674,-0.06729101294253102,0.7,12547,0.19401352507512282,5709
5721,0.10997004434308517,0.012683784434632799,0.7,12547,0.5911367133926146,5709
5731,-0.34668874802379873,-0.16168453610617184,0.7,12547,0.3033620085552641,5709
5740,0.09718313008065618,-0.19586913983643375,0.7,12547,0.5300861859398585,5709
6076,0.1554715703378353,0.0054637065656179045,0.7,12547,0.7701166847618306,5709
5754,-0.09206730019540497,-0.0153256816281791,0.7,12547,0.5825998604283147,5709
5753,0.006173467522741523,-0.00544074806751273,0.7,12547,0.563901077644948,5709
6072,0.047269113212718726,-0.049077828275010206,0.7,12547,0.5928462793279825,5709
5763,-0.5545181346708702,-0.01730579785999591,0.7,12547,0.49924288223085544,5709
5670,-0.3422628710897735,0.049374255757752915,0.7,12547,0.2700899749737533,5709
6115,0.7191441655556262,0.32133425913401636,0.7,12547,0.46892674910998455,5709
5662,0.1462555575657479,-0.008614986648257626,0.7,12547,0.45222981277290286,5709
5614,-0.16168625558600738,-0.07478714290071575,0.7,12547,0.3282101267076081,5709
5575,0.08674297980173576,-0.027395238277653135,0.7,12547,0.20848831637207277,5709
6183,-0.22365295141095037,0.02352246981804,0.7,12547,0.6622510797190645,5709
5594,-0.05105937561125894,-0.019213883311281807,0.7,12547,0.8030481133327,5709
6174,0.17994766077091348,-0.11493708352030432,0.7,12547,0.4278550707740837,5709
5602,-0.3294423728089414,-0.07150207849718596,0.7,12547,0.41431042859135925,5709
5609,-0.0456551391372496,-0.034743274871443124,0.7,12547,0.6984498538265307,5709
6160,-0.07503290479969972,-0.01450784108459561,0.7,12547,0.4174405756352588,5709
6159,-0.04225055528648819,-0.024342233462151967,0.7,12547,0.7501950913187161,5709
5651,0.04900394442062321,0.0054542880497685815,0.7,12547,0.6328808950286862,5709
6143,-0.004777637101544482,0.0019516041578804533,0.7,12547,0.7112904340183408,5709
6123,-0.08204026202676103,-0.297522521582955,0.7,12547,0.585236935581329,5709
5627,0.6839215072095429,0.07593586663114278,0.7,12547,0.29328255940109194,5709
5634,-0.10776647354702908,-0.10672669880760312,0.7,12547,0.5267026139810057,5709
5636,0.054870917986395755,0.048216413995543723,0.7,12547,0.5965857801365922,5709
5643,-0.04983945096315687,-0.045705250225168303,0.7,12547,0.3324004360602757,5709
5645,-0.07592792352565901,-0.023726421574575083,0.7,12547,0.3853933203037687,5709
5760,0.1439450996022329,-0.07570924049629417,0.7,12547,0.68715282656188,5709
6068,-0.11896175808762059,-0.014581313235556068,0.7,12547,0.77490465830635,5709
6498,0.07682822862169701,-0.0933012739583124,0.7,12547,0.6108959592836001,5709
6070,0.20535127938153913,0.05683694807417346,0.7,12547,0.602769941431854,5709
5838,-0.15408462081459068,-0.188597458395191,0.7,12547,0.2629445652651071,5709
5988,-0.26782659253558583,-0.03963526617229913,0.7,12547,0.6429062015184821,5709
5981,0.08446114702621954,-0.05172998853541401,0.7,12547,0.6232101262505771,5709
5963,-0.27748482036601674,-0.028833138377036747,0.7,12547,0.7856274224438612,5709
5848,0.407256117786248,0.13259040066911953,0.7,12547,0.3485967764980279,5709
5849,0.03243478928109106,-0.024497211764749293,0.7,12547,0.7927101350740992,5709
5942,-0.17750820230711262,0.02940483135802995,0.7,12547,0.22698114926880364,5709
5936,-0.06087249288986439,-0.03795455065258972,0.7,12547,0.44255400843473414,5709
5939,-0.131326466160808,-0.09647152870213667,0.7,12547,0.35155374791607097,5709
5928,-0.16692257068669367,0.086395452096327,0.7,12547,0.36429552089884876,5709
5870,0.0004733229150663922,-0.09233601290320631,0.7,12547,0.8318342907448543,5709
5926,0.266905370828541,0.17040213444202928,0.7,12547,0.5608129017382064,5709
5909,-0.053296225677677785,-0.12524160729786055,0.7,12547,0.5866942634636438,5709
5871,-0.18556125546972066,0.02023341151503985,0.7,12547,0.7664542553958849,5709
5875,-0.1222772429769341,-0.07170815695055663,0.7,12547,0.7174911998838822,5709
5878,0.06767067402493296,-0.0045138261470731925,0.7,12547,0.48988894498023194,5709
5904,-0.2237313277865318,-0.1702745191702341,0.7,12547,0.3764920737287446,5709
5994,0.10938408609044878,-0.4468617274844424,0.7,12547,0.2656097331829158,5709
5835,-0.6122105743629793,-0.23159793312542082,0.7,12547,0.36409781126037555,5709
5998,-0.0320111119352605,-0.030042190846661532,0.7,12547,0.651988652177402,5709
6036,-0.13266244305247463,0.03183345914352284,0.7,12547,0.46609870692096866,5709
5778,-0.523069721986984,0.5517491341295292,0.7,12547,0.482188813330524,5709
5779,0.11243638413113333,-0.1518891534385742,0.7,12547,0.4764254284950955,5709
5776,-0.07062923567226019,-0.022548587360394223,0.7,12547,0.5906972999658678,5709
5777,0.0008207686281049441,-0.014691395991271002,0.7,12547,0.7553367351825259,5709
6062,-0.07887412991425656,-0.0892390418368327,0.7,12547,0.575108898202209,5709
6054,0.058448292806351256,-0.40541198147656765,0.7,12547,0.4764560198952411,5709
6051,-0.3215209508822811,-0.08003072153784463,0.7,12547,0.4524904829159456,5709
5790,-0.5817364314780968,-0.1502656514263715,0.7,12547,0.5069613764279657,5709
6026,0.017406722690717268,-0.15204597704370004,0.7,12547,0.6989044339840982,5709
6038,-0.2677087045490697,-0.1682086794984359,0.7,12547,0.2912224937437533,5709
5800,-0.03465640814335907,-0.013587569703856456,0.7,12547,0.7473161096397964,5709
5806,1.0316699600149248,-0.11563646117440485,0.7,12547,0.6812589062640344,5709
5815,-0.24952589645165416,-0.06703480179295863,0.7,12547,0.7613015583946144,5709
6035,-0.2799844661197581,-0.02632634151929081,0.7,12547,0.4943686261278283,5709
5827,-0.1625756902963757,0.03475231442385234,0.7,12547,0.45814941420081146,5709
5825,0.12773838372707486,-0.000733024066829638,0.7,12547,0.6364767640132238,5709
6190,-0.08415864163136912,-0.027527865853840497,0.7,12547,0.35970369858294227,5709
6204,-0.9541194198094184,-0.10472898622209384,0.7,12547,0.5701996728334356,5709
6209,-0.08170009073447677,-0.09224032104716148,0.7,12547,0.6041529187462149,5709
5552,-0.17706601187645488,0.02704622402108462,0.7,12547,0.09622546879782212,5709
6433,-0.16919112622643176,-0.0890853734101739,0.7,12547,0.48124854594104527,5709
5126,-0.10913477662607757,-0.013108263446656469,0.7,12547,0.4412047661549695,5709
5124,0.1147673696514935,-0.00445628683260394,0.7,12547,0.557263378185815,5709
5145,0.051178579605947606,-0.20740397212281095,0.7,12547,0.6237528873852702,5709
5154,-0.8606266480335658,-0.6411496779137615,0.7,12547,0.4866215913936339,5709
6435,-0.1238172308048385,-0.20026251481063095,0.7,12547,0.704459890481743,5709
6428,-0.014075119971965552,-0.0029949918322912023,0.7,12547,0.6113134629114212,5709
6419,0.018512997925453415,-0.015856640719341886,0.7,12547,0.7667033201743276,5709
5183,-0.12807088837395994,0.07460435619405899,0.7,12547,0.5421659275899329,5709
5184,0.022080881889679348,-0.04987611894539877,0.7,12547,0.5743036253234927,5709
6400,-0.038697863820767966,-0.11827465528078225,0.7,12547,0.27638617007787636,5709
5192,-0.1601396765316841,-0.03624773819327172,0.7,12547,0.6293055740330179,5709
5202,-0.1335808689277067,-0.021833090495652022,0.7,12547,0.2806286023968688,5709
6388,0.09935461311178445,0.09045184079640733,0.7,12547,0.3512905221937861,5709
5207,-0.33130351988543516,-0.08650834865514989,0.7,12547,0.3348814096959063,5709
5226,0.11439255362411488,-0.015597711941470381,0.7,12547,0.6372912654351102,5709
6340,-0.007279108713366833,-0.07710723414948097,0.7,12547,0.6031311440600683,5709
6437,-0.26734090160245816,0.020964195671102335,0.7,12547,0.7155241743127083,5709
6451,-0.25158088761101227,0.11189481161613904,0.7,12547,0.7066941611729992,5709
6460,-0.21454535128915603,-0.05370324928332014,0.7,12547,0.715410177631435,5709
4986,-0.29081793669370815,-0.11515922833788167,0.7,12547,0.5705476428804546,5709
6499,-0.1151434555489416,0.007059286063054365,0.7,12547,0.42074241993719486,5709
4913,0.07990843306840495,0.014719027993734238,0.7,12547,0.33382180834924824,5709
4916,-0.14646058123289826,-0.011782056984623163,0.7,12547,0.5456620410156006,5709
5886,-0.5053616505242401,-0.008008481909742241,0.7,12547,0.35204945077965233,5709
4961,-0.6790314787062675,-0.19791665613113796,0.7,12547,0.5572633086010492,5709
4973,-0.07366231224686749,0.010611669876664759,0.7,12547,0.533933337455198,5709
6491,-0.08402866827476047,-0.045616163350902794,0.7,12547,0.670332896891479,5709
5027,-0.1794465774301456,-0.024557747907529247,0.7,12547,0.3987843421710747,5709
5116,-0.040150335464378226,0.04262866096237736,0.7,12547,0.6043216663205225,5709
5061,0.029543908659332967,0.012325656126902146,0.7,12547,0.5371516556356358,5709
6473,-0.529090189382629,-0.09035532900206623,0.7,12547,0.5743465795578631,5709
5074,-0.011924010148256748,-0.03525238113358242,0.7,12547,0.6132823450091236,5709
5086,-0.013857848312953187,-0.035870458341676785,0.7,12547,0.3324317968152254,5709
5092,-0.1671684110366599,-0.059997069955901636,0.7,12547,0.16731728857066597,5709
6469,-1.299016779330753,-0.5133474477478857,0.7,12547,0.5131548295154862,5709
6466,-0.037014679195526784,-0.05537422826050146,0.7,12547,0.5637434758067668,5709
5227,-0.10878045643460293,0.00603254974409394,0.7,12547,0.6337248728838349,5709
6337,0.1357850056943669,0.057118739020465825,0.7,12547,0.601265036715812,5709
5245,-0.0873135545333614,-0.05643948735523504,0.7,12547,0.6155848287571282,5709
6238,-0.18934796142569668,-0.017103517706097523,0.7,12547,0.7168397041414062,5709
6261,-0.24586227225048027,-0.08498411901480615,0.7,12547,0.4109759701153004,5709
6253,-0.7996676016371306,-0.49876576078264756,0.7,12547,0.7005053609827567,5709
5493,-0.021163410984388044,0.022450747895058996,0.7,12547,0.6093734287028627,5709
6244,-0.020298647770168692,-0.1820326234669252,0.7,12547,0.41779855492447704,5709
6247,-0.1934320920350865,-0.03251815739121833,0.7,12547,0.32422938747276464,5709
5499,0.2245310855334629,0.07145393867211552,0.7,12547,0.568880825560286,5709
5526,-0.03031169760952051,0.12269735509436432,0.7,12547,0.4228653829987036,5709
5538,0.11609148521337573,-0.21026794852557704,0.7,12547,0.553066687054484,5709
6260,-0.09248115461999583,0.012149001437735852,0.7,12547,0.6140284542598394,5709
6230,-0.2385852402781415,0.23550711724814863,0.7,12547,0.3833070473612248,5709
6221,-0.07304313705632218,0.04772399023038142,0.7,12547,0.7577405495155225,5709
6218,-0.14466695020207465,-0.28513192532517845,0.7,12547,0.41388093153350214,5709
6213,0.09837675161955028,-0.07747355272025815,0.7,12547,0.4368051187210763,5709
5550,-0.03370513452274941,-0.03795685199253324,0.7,12547,0.38306062745412217,5709
5548,0.06033284093520248,-0.026343589483242648,0.7,12547,0.46609078318183206,5709
5555,-0.0993962206094989,-0.015671783306277384,0.7,12547,0.5184253797107601,5709
5482,0.05546195759587168,0.002565352969834894,0.7,12547,0.36564220959785987,5709
6285,-0.021360715692676814,0.010410335823689894,0.7,12547,0.7874735852019528,5709
5263,0.37758883934989357,-0.14838085282965105,0.7,12547,0.6409316124130426,5709
5337,0.024109289291461573,0.0415695956812113,0.7,12547,0.37682090188362627,5709
5268,-0.026149454106486433,-0.08867871143227309,0.7,12547,0.6833955710945441,5709
6324,-0.1523712493017491,-0.04112621404308662,0.7,12547,0.32054304436150627,5709
5305,-0.20349059539899783,0.058930764292417476,0.7,12547,0.4365609374166892,5709
5311,-0.18573206963908492,-0.00628381431539591,0.7,12547,0.4992690367844739,5709
6323,-0.07605645344621759,-0.03984383347223377,0.7,12547,0.2711098865689632,5709
6317,-0.15208193688079402,-0.018916736013112615,0.7,12547,0.5360279575279907,5709
6318,0.05228861787243456,0.0041807563028042755,0.7,12547,0.8903392312851061,5709
5347,-0.08338278702147565,-0.05864867607281066,0.7,12547,0.7237320640768037,5709
6295,-0.08198791280837542,-0.03511843813184097,0.7,12547,0.52382293805156,5709
5353,-0.25746760773452115,-0.1350742086327362,0.7,12547,0.674348451205699,5709
6310,0.018935662855679488,0.02066715611140254,0.7,12547,0.5706966541717717,5709
6307,-0.4474703782962785,-0.07483628748606584,0.7,12547,0.6352616844543268,5709
6300,-0.30477168871297255,-0.09652952918881207,0.7,12547,0.3270998572131023,5709
5403,0.37913331707149456,-0.019258890187060423,0.7,12547,0.23848810402410336,5709
6296,-0.06249832861761946,-0.08384698155757532,0.7,12547,0.6122481123802093,5709
5431,-0.2806909325050957,-0.22232300304521843,0.7,12547,0.6750636939545293,5709
8184,-0.6843183261120698,-0.02109101858315344,0.7,12547,0.28534175163445197,5709
3307,-0.09007406510409961,-0.020765470103373727,0.7,12547,0.6552692093975299,5709
3970,-0.4013331218370336,-0.03652486332259243,0.7,12547,0.4544888522679802,5709
1123,-0.06649663202083111,-0.11606432590375655,0.7,12547,0.7276013479872773,5709
901,-0.13479335736883383,-0.002476278852321639,0.7,12547,0.7295657261494723,5709
910,-0.008101914002086997,-0.08461892403540436,0.7,12547,0.6183818776742153,5709
928,-0.03794594294481116,-0.0345031368318713,0.7,12547,0.6834099568914715,5709
945,-0.15255013303667686,-0.032428520659537746,0.7,12547,0.8146023027305347,5709
947,0.05570257781888574,-0.014959374597817427,0.7,12547,0.5728604799787997,5709
952,-0.2489250356181455,-0.05515117131932367,0.7,12547,0.5095344926972721,5709
953,0.059663856323078655,-0.016133210422821658,0.7,12547,0.8481723561827617,5709
954,-0.12294416693279991,0.005696665982698709,0.7,12547,0.7478331119779271,5709
976,-0.24001331298502615,-0.015388307714219644,0.7,12547,0.7820404525266068,5709
979,0.024565077235324514,0.10239402865238958,0.7,12547,0.4940047677238808,5709
999,0.2771447565790549,-0.050351406988118935,0.7,12547,0.284814149606765,5709
1004,-0.16584213154486563,-0.04778785309709985,0.7,12547,0.4914181115204238,5709
1030,0.00828248223099779,-0.010057281923385739,0.7,12547,0.7776525936262135,5709
1034,-0.09382659851887398,-0.024989013163859583,0.7,12547,0.5044270793389688,5709
1037,0.3571563203338383,-0.17516049803718323,0.7,12547,0.41147898832493435,5709
1046,-0.23298311900556956,-0.22805763892945824,0.7,12547,0.4840119386431373,5709
1048,0.2747821729889092,0.021066475689332415,0.7,12547,0.5749015642359809,5709
1049,-0.03232419116724416,-0.016070298022023144,0.7,12547,0.706184830988914,5709
1059,-0.1690632635205901,-0.05305500945181711,0.7,12547,0.3786729757740219,5709
1064,0.048273393435758725,-0.03279418779370902,0.7,12547,0.2390881798799388,5709
1081,-0.030644665328173264,-0.024299445010772386,0.7,12547,0.5887328060641726,5709
1090,-0.20403639655899006,-0.024496641572223362,0.7,12547,0.7604346131293513,5709
1097,-0.17303149248656682,-0.07433870342681538,0.7,12547,0.6722769250615478,5709
1099,-0.09878517620325628,-0.027132208309297412,0.7,12547,0.3685478953642528,5709
1101,-0.08355805508388979,-0.09715338774949879,0.7,12547,0.5402604557286275,5709
894,-0.26520666962150696,-0.08442409932601953,0.7,12547,0.5921815358808438,5709
884,0.004802673358624407,-0.006538304021405318,0.7,12547,0.7433662639853621,5709
877,-0.19842915326938526,-0.006636283103713285,0.7,12547,0.7028138749569901,5709
758,0.12756261619184434,0.021848968297229092,0.7,12547,0.23536965327695647,5709
694,0.02184514530716229,0.0013833741069664573,0.7,12547,0.7456038372353245,5709
696,0.049297373998125546,-0.009837944809096638,0.7,12547,0.4594838122173358,5709
698,-0.3398589141199719,-0.20005074298754238,0.7,12547,0.5225574102245745,5709
706,-0.0240040956622487,0.009283722549411452,0.7,12547,0.27716748807810476,5709
707,-0.0021771762553296605,-0.006205159756890517,0.7,12547,0.5888664564001026,5709
709,-0.029540955645264717,-0.041904385281986374,0.7,12547,0.46876990878531277,5709
712,-0.1798736085933922,-0.05416877184433811,0.7,12547,0.3679095358230038,5709
716,-0.1713615144035448,-0.13576461915982965,0.7,12547,0.2820814309050803,5709
740,-0.1795022569317098,-0.11297994279369998,0.7,12547,0.3023198727355031,5709
743,-0.16343495198444233,-0.07669014860307337,0.7,12547,0.3878759234173902,5709
745,-0.13541145662260126,-0.04543395740229977,0.7,12547,0.6545419972233949,5709
777,-0.1285698594570484,-0.10662814248932409,0.7,12547,0.5621198507821159,5709
874,-0.7411223504172979,-0.14102453092481917,0.7,12547,0.24155540181313306,5709
802,-0.24383951639068102,-0.024567750340727973,0.7,12547,0.5318649511009114,5709
809,-0.11361850889724802,-0.006212586944207347,0.7,12547,0.5507816215809036,5709
821,-0.05188326094284036,-0.041638375347014214,0.7,12547,0.7073958572894686,5709
827,-0.003738944824864414,-0.017766849777378645,0.7,12547,0.7913116447056822,5709
829,-2.446144318186849,-0.3468749595496929,0.7,12547,0.571838241591482,5709
846,-0.08237672286580627,-0.06849863583990712,0.7,12547,0.3491642623181618,5709
847,-0.08206011644115756,-0.007563632825055753,0.7,12547,0.48995129441230545,5709
850,-0.2489250356181455,-0.05515117131932367,0.7,12547,0.5095344926972721,5709
851,-0.09618776056159885,-0.12286958183134508,0.7,12547,0.5149702552803057,5709
855,-0.14757773905724222,-0.027607000946309645,0.7,12547,0.7439184649718276,5709
870,-0.04779695578337932,0.048675833293404774,0.7,12547,0.6990843308957337,5709
1106,0.012842089566072573,-0.026081093716917993,0.7,12547,0.4085639766401191,5709
1126,-0.21245231408846488,-0.05046454773932283,0.7,12547,0.5947312389752797,5709
682,-0.10163156456978631,-0.11694611430696092,0.7,12547,0.5807575962265142,5709
1130,-0.31773271523113594,0.07071807115507847,0.7,12547,0.3170621840672593,5709
1416,-0.3769039179025423,-0.12210506827489591,0.7,12547,0.7486798780926631,5709
1436,-0.07478834886879057,-0.010639497916692723,0.7,12547,0.7977896870754219,5709
1437,0.023085387115428967,0.003217773938375908,0.7,12547,0.383968140874826,5709
1447,-0.04303707420824063,0.06717264126869933,0.7,12547,0.5912159247041859,5709
1464,0.010468818547664602,-0.0050282788097967025,0.7,12547,0.7712839853813527,5709
1471,-0.05918026514216017,0.041828807395091976,0.7,12547,0.7160863022134023,5709
1483,-0.10208152572810675,-0.02726491815847817,0.7,12547,0.665844333884648,5709
1484,0.024530587238320134,-0.22243297757994027,0.7,12547,0.6522401006469652,5709
1487,0.07977776293513658,-0.03880010031778767,0.7,12547,0.6155664104926718,5709
1490,0.08809269517061663,-0.039453400024142174,0.7,12547,0.5524365686917624,5709
1499,-0.13566387512469533,-0.07872220081027179,0.7,12547,0.694452624166475,5709
1501,0.01285061135239634,-0.006822735810691604,0.7,12547,0.4515919021309551,5709
1510,0.0107948753657591,0.010910864331334293,0.7,12547,0.7264988430782102,5709
1536,0.04883323442832921,0.007928211929817753,0.7,12547,0.5566824403066006,5709
8031,0.19507800147791662,0.09809321941707747,0.7,12547,0.3744335858787351,5709
1589,-0.8654998235038278,0.01677236212473019,0.7,12547,0.23516471228828517,5709
1600,-0.46513204933003327,-0.10628791293845409,0.7,12547,0.47486923610119713,5709
1621,0.01093841117555585,-0.09288319394539667,0.7,12547,0.3759278090019186,5709
1626,-0.7160699753317664,-0.2300656403886206,0.7,12547,0.40278481754452367,5709
1630,-0.04719282006078669,0.0632898634203134,0.7,12547,0.5182366483490357,5709
1645,-0.4266951885021148,-0.01144283977718835,0.7,12547,0.5562106777049745,5709
1666,-0.19178222766119243,-0.08625403709250022,0.7,12547,0.4068723954005564,5709
1679,-0.43115115628937317,-0.2877877984153901,0.7,12547,0.6902549011685619,5709
1680,-0.049389687540836585,-0.025980729985469457,0.7,12547,0.7447529390510985,5709
1704,-0.22314569606117843,-0.036130278290642324,0.7,12547,0.6085180498169764,5709
1398,0.07835586880820987,-0.01767067958647432,0.7,12547,0.5514640118804048,5709
1390,-0.24212767132091176,-0.04824401476941631,0.7,12547,0.6802945748376968,5709
1380,-0.3524335051925042,-0.21825558303438317,0.7,12547,0.4538599400800719,5709
1232,-0.17940968151974723,-0.057616028072725936,0.7,12547,0.5976097163677895,5709
1135,-0.06457571187966563,-0.01023703500276599,0.7,12547,0.7619804261997648,5709
1143,0.004461286451955901,-0.1144849729598334,0.7,12547,0.27318841311495534,5709
1156,-0.13509537183078935,-0.13712135082590476,0.7,12547,0.4890397158486367,5709
1162,-0.04323308023781233,-0.03270851731821647,0.7,12547,0.604122683078879,5709
1198,0.05754636880610229,-0.0279626706730268,0.7,12547,0.6629735571707194,5709
1199,-0.24622114043407747,-0.11023355424248744,0.7,12547,0.3240280770888252,5709
1206,-0.04458129245647733,-0.07403922065723632,0.7,12547,0.6242825782008963,5709
1208,-0.005821906790226751,0.028703747867149264,0.7,12547,0.3928439780575703,5709
1213,-0.07778231349267302,-0.029480044958134687,0.7,12547,0.16874562907994017,5709
1215,-0.004173727028024824,0.04099309334379097,0.7,12547,0.7141652016223812,5709
1218,-0.02309167947078336,-0.06873760616732785,0.7,12547,0.8519546816158904,5709
1248,0.03674900700805068,-0.011256323516735937,0.7,12547,0.7207906271044184,5709
1379,-0.05969481856795797,-0.03640943632579692,0.7,12547,0.6460914772264759,5709
1250,-0.1348814330750932,-0.03397193261873006,0.7,12547,0.43965997966694714,5709
1257,0.24180801531172688,0.06624346220213943,0.7,12547,0.6655863187793278,5709
1265,-0.05843439449500712,-0.10156198764664609,0.7,12547,0.4221938287284186,5709
1290,-0.06018532039360385,-0.10964941344393467,0.7,12547,0.26783878446549003,5709
1299,0.0016852850560098395,-0.00598509611836875,0.7,12547,0.5936672548158579,5709
1308,-0.0025245594000928755,-0.09131953052998189,0.7,12547,0.5857533837269767,5709
1311,-0.019336130491171305,-0.004665901060482411,0.7,12547,0.36967256932253545,5709
1344,0.3539679699322827,-0.16649267084216696,0.7,12547,0.4703948461032216,5709
1350,-0.09191521333950678,-0.039659289273663106,0.7,12547,0.759550555275607,5709
1357,0.02239598551583914,-0.029644936583304554,0.7,12547,0.8354792183222458,5709
1377,-0.0407212105201903,0.021449525723935547,0.7,12547,0.6401104423654532,5709
692,-0.2220373373164257,-0.028307551327823442,0.7,12547,0.4205766756336188,5709
676,0.2186722018735525,-0.04832825838898273,0.7,12547,0.41906053317224856,5709
3967,-0.06670460687456439,0.01529415527784125,0.7,12547,0.36658061703736766,5709
312,0.1253570269942567,-0.02996438998823262,0.7,12547,0.4757871379868368,5709
194,-0.37947494430934425,-0.02449758301388734,0.7,12547,0.528703748395263,5709
195,-0.017139107736001094,-0.027906000967629983,0.7,12547,0.7179168278231608,5709
196,-0.008579812693572579,-0.0430665232394441,0.7,12547,0.3626837959451835,5709
8386,-0.17312987934935156,-0.20429441104752652,0.7,12547,0.5357581807935241,5709
205,0.25521526704586894,0.19881731006146552,0.7,12547,0.6784739656646264,5709
207,-0.37556972135140293,-0.05187152296589536,0.7,12547,0.4409894395511882,5709
210,-0.5587317753759247,-0.07879497599269518,0.7,12547,0.4984950008825767,5709
221,-0.11136508247863447,-0.07488144964217537,0.7,12547,0.6305291555673612,5709
225,-0.15562786260610872,-0.04436438296098382,0.7,12547,0.16246951147303101,5709
226,-0.10170731871919611,0.07183339191930618,0.7,12547,0.7364003897752833,5709
232,0.010022884889563462,0.009600197437818618,0.7,12547,0.29828021015078254,5709
249,0.2271681483983882,0.01965562846687249,0.7,12547,0.1986397019622771,5709
257,-0.42096671418133613,-0.05765933728345421,0.7,12547,0.4708799950656005,5709
260,-0.044327763235666694,-0.18441412361389706,0.7,12547,0.7257796004558499,5709
265,-0.019927261054132565,0.04017522964046829,0.7,12547,0.700432098801439,5709
268,-0.04691575250282666,-0.02026933026307322,0.7,12547,0.4173296297095195,5709
269,-0.006724400001254714,-0.06854479379054705,0.7,12547,0.5093473165254377,5709
275,-0.4488700854134378,-0.33587485446754123,0.7,12547,0.5924759591208024,5709
287,0.339567929666739,0.24195508015745285,0.7,12547,0.36239393801625996,5709
288,-0.2351231424281993,-0.08253890824755775,0.7,12547,0.45527574946517246,5709
294,-0.21978886815323,-0.05478412035549167,0.7,12547,0.6499692164895565,5709
299,-0.09567245948521641,-0.023655243944833294,0.7,12547,0.16785884717570232,5709
300,0.007089401649642236,-0.034706928920058215,0.7,12547,0.864641919043224,5709
301,-0.46759417056776637,-0.014560695088385615,0.7,12547,0.6809545014723426,5709
305,-0.09374087086152404,-0.07808845285510618,0.7,12547,0.4038530352702828,5709
8381,0.02806348680434739,0.02915954153192794,0.7,12547,0.08507748736361831,5709
174,-0.05502806234791143,-0.033255069501909415,0.7,12547,0.7016963352990029,5709
170,-0.0022863112420661185,-0.01098521030843844,0.7,12547,0.6399298862253368,5709
72,-0.06753566740915794,-0.04317543093522151,0.7,12547,0.703243277852306,5709
30,-0.679689879413117,-0.11171222825811485,0.7,12547,0.36857885820323766,5709
31,-0.013016772058517761,-0.005335755595008808,0.7,12547,0.6437975783723286,5709
34,-0.07181746291428824,-0.00739184245607002,0.7,12547,0.5476941608163757,5709
39,0.3043931932828923,0.09053886571433016,0.7,12547,0.45771397271784864,5709
44,-0.0014812384278713499,0.0102554255115836,0.7,12547,0.4664282751654333,5709
50,0.1645280396922525,-0.027553375789924416,0.7,12547,0.7177891486433012,5709
63,0.016075149386989132,0.005652863697157566,0.7,12547,0.8312454999921681,5709
64,-0.03286651638263344,0.06912885904792518,0.7,12547,0.7638685569514634,5709
67,-0.004621229686871809,-0.04005747591628101,0.7,12547,0.4328920799094568,5709
68,0.004424152019192728,-0.09782905481042667,0.7,12547,0.5416406859013208,5709
70,-0.017540196858769837,-0.01982228343447793,0.7,12547,0.4220124631721972,5709
76,-0.057537765392650826,-0.04519375468495481,0.7,12547,0.5414069094091458,5709
8358,0.7540807752660403,-0.05009447190085155,0.7,12547,0.32618596321066784,5709
88,0.004046188997033472,0.0709633199199544,0.7,12547,0.18930880687047413,5709
8165,-0.8500354642805249,-0.3880712178751078,0.7,12547,0.3487516845495693,5709
100,-0.2261424375890753,-0.09034373107676523,0.7,12547,0.5204519667099241,5709
107,-0.12212153193310836,-0.05330065314652102,0.7,12547,0.9181843853496048,5709
8297,-0.09095511160165098,0.08185519308266803,0.7,12547,0.5482975294690852,5709
115,0.037207589205082714,-0.06663891965103026,0.7,12547,0.6541042911296431,5709
119,-0.05324666149693833,-0.06513403089775219,0.7,12547,0.43188718251222236,5709
8125,0.14098503251903666,-0.04902314651347739,0.7,12547,0.2773886510359036,5709
135,-0.07520025280483576,-0.039012392684633655,0.7,12547,0.832150584365682,5709
149,0.05008781115607465,-0.15235496872960982,0.7,12547,0.5866300078503044,5709
150,-0.049943527976919186,0.027415610016564906,0.7,12547,0.6953724386196871,5709
306,-0.14814181639296406,-0.04553087621976542,0.7,12547,0.3173578989608059,5709
327,-0.07895592226817016,0.0038999057449103105,0.7,12547,0.5712930120934818,5709
671,-0.15280782682776434,0.018813166031048694,0.7,12547,0.8394404653964886,5709
331,-0.13843766673626487,-0.009324269520387746,0.7,12547,0.7562638624482415,5709
478,0.056887532047114345,0.01858683067038574,0.7,12547,0.21320218099481947,5709
483,-0.014953617580468245,0.008018863152887832,0.7,12547,0.7517735891929944,5709
501,-0.003593449217600408,0.01467936229888875,0.7,12547,0.4528777582340837,5709
512,-0.14454351764371204,-0.06530135383843266,0.7,12547,0.6363638059450467,5709
520,-0.09509697622871308,-0.05083182818395999,0.7,12547,0.43782819350649416,5709
531,-0.2299971036211047,0.049586189503232896,0.7,12547,0.6411661392366468,5709
538,0.03327565263420884,-0.01855612718870356,0.7,12547,0.26625870760226744,5709
562,0.14265178258404843,-0.06699072723596765,0.7,12547,0.7491783934399197,5709
573,-0.2296052724647614,-0.09109086947273375,0.7,12547,0.5000310369684279,5709
579,0.11399338220874762,-0.08860305541058378,0.7,12547,0.7618914688700426,5709
597,-0.0934739967874599,-0.06585812682525087,0.7,12547,0.7045068937289387,5709
598,-0.023696979676746756,-0.02415273181948363,0.7,12547,0.8030594709237823,5709
599,-1.3743588255916006,-0.7402364825860923,0.7,12547,0.6241534974801142,5709
609,-0.07378982929295438,-0.03698092710206862,0.7,12547,0.7601193396444444,5709
613,-0.11239016700135777,-0.008123668366087926,0.7,12547,0.7371513787260873,5709
625,1.1764766938413163,0.36098797372185815,0.7,12547,0.6616797837117185,5709
631,-0.07113484675249669,-0.3547468310782062,0.7,12547,0.4926342551119798,5709
637,-0.24081287146888208,-0.17151257703283948,0.7,12547,0.5050497542775056,5709
641,-0.1966491932930014,-0.09610838334126917,0.7,12547,0.38302427038299347,5709
642,-0.46516805345970397,0.06284400794993356,0.7,12547,0.7282925070709204,5709
643,-0.2559034270119464,-0.2578591640114605,0.7,12547,0.6583520170795457,5709
647,1.0432070432024771,-0.1210586073024646,0.7,12547,0.4586171808213033,5709
660,0.11140477213759431,0.025188927521341855,0.7,12547,0.5412567909718988,5709
669,-0.1728909992463859,-0.22918486511410044,0.7,12547,0.46110771584594246,5709
670,-0.0981862403407301,-0.028287553998490783,0.7,12547,0.7689198253858591,5709
472,0.02131339902837214,0.01608891258237487,0.7,12547,0.2524102242637515,5709
470,-0.03527807493146006,-0.040541867199273336,0.7,12547,0.7681710736434315,5709
467,-0.11386101964933222,-0.028063648265214184,0.7,12547,0.665266635039525,5709
391,-0.030918392272045046,0.015625191042497436,0.7,12547,0.6640066748393691,5709
332,0.014039467039768713,0.05877265913191695,0.7,12547,0.843571614554286,5709
334,-0.14061570203824506,-0.09520736445744955,0.7,12547,0.5297179921897377,5709
341,0.2654252620487647,-0.15055270798845186,0.7,12547,0.44956253293987136,5709
342,-0.05041155361542357,0.027995156616782427,0.7,12547,0.8604426985846398,5709
344,0.21165199253549682,-0.01616811778401988,0.7,12547,0.524520139817803,5709
346,0.4737736319092114,0.2221470122572572,0.7,12547,0.24654458994192174,5709
350,0.15822451650664296,-0.09975880103897034,0.7,12547,0.4145161242353467,5709
366,-0.07641118638514818,-0.03423954398725962,0.7,12547,0.7917541445147469,5709
376,-0.4150438787161026,-0.19267090856346272,0.7,12547,0.2779179346012326,5709
385,0.024122906130636876,-0.022755040596125237,0.7,12547,0.8218474374895646,5709
389,-0.5969237424871134,-0.11083951722947835,0.7,12547,0.4257160622941719,5709
392,-0.04636514756543869,-0.05492127633288573,0.7,12547,0.3780787634978745,5709
466,-0.243078443517424,-0.07305906141219796,0.7,12547,0.41989825000239733,5709
394,0.13150503209499365,-0.02074173094911847,0.7,12547,0.471256738518406,5709
397,-0.043171395584279515,-0.11723718333438558,0.7,12547,0.38475256889707754,5709
402,-0.044089723375453506,-0.12347305107520082,0.7,12547,0.5345411519007133,5709
404,-0.10805423466677658,-0.08856358153872859,0.7,12547,0.4413989740737361,5709
428,0.0361307974701522,-0.05634333118701073,0.7,12547,0.4691403596856091,5709
433,-0.03519999476777521,-0.043468793425852456,0.7,12547,0.7896940570800021,5709
437,-0.2619385015104448,-0.034040683376246134,0.7,12547,0.42997918083553266,5709
447,0.05602834869179165,-0.010986378051571868,0.7,12547,0.6794516943097098,5709
451,-0.015212082788571193,-0.0016685739518751369,0.7,12547,0.6087574422193605,5709
454,-0.28227678247211124,-0.02957319860633564,0.7,12547,0.8295670679240866,5709
455,-0.1167916143292935,-0.007629383826911145,0.7,12547,0.7519359331557973,5709
1710,-0.11064583133968484,0.004208717507756478,0.7,12547,0.6131117092225861,5709
1712,-0.23100166038900952,-0.10051618642340793,0.7,12547,0.48864984666620037,5709
1723,-0.08637636705230077,0.0028409948610920556,0.7,12547,0.7352456188052794,5709
3453,-0.0960922949509852,-0.022475443659982303,0.7,12547,0.8313656889970567,5709
3151,0.16886882510893048,0.11171445605692983,0.7,12547,0.42752596810247623,5709
3152,-0.30727671129210643,-0.04832531568001645,0.7,12547,0.4977993896452685,5709
3163,-0.05565609542014805,0.045782189871823094,0.7,12547,0.8362238845891552,5709
3172,0.12999660196123958,0.10113449609520557,0.7,12547,0.7584768950370311,5709
3188,0.012046277442285447,-0.07429360215988028,0.7,12547,0.6918194403731044,5709
3204,-0.010979317590947349,-0.009049103776989354,0.7,12547,0.40647673698414566,5709
3206,-0.14905921436002226,-0.16960961284563342,0.7,12547,0.3605060537732613,5709
3208,0.31595514127129887,0.09091929562280028,0.7,12547,0.8366192411010597,5709
3216,0.6991988858093805,0.2935791826388684,0.7,12547,0.36440521277226146,5709
3229,0.1325120101076991,-0.0048697415491407246,0.7,12547,0.4588265782823254,5709
3233,0.021765326215394187,-0.012347903317727936,0.7,12547,0.5815893097466005,5709
3248,0.002458762251008026,0.04081185696588049,0.7,12547,0.7424880380564989,5709
3265,-0.2276953312673669,-0.04087321531878249,0.7,12547,0.2914572618253499,5709
3278,-0.19478322583736987,-0.14776012296426255,0.7,12547,0.3298721053391118,5709
7660,-0.4012687913606068,-0.11538830746539923,0.7,12547,0.47410367384600693,5709
3337,0.03786653474895299,-0.11124618486262923,0.7,12547,0.23235209695523507,5709
3354,-0.012265758955777771,-0.0342825573178208,0.7,12547,0.410602281376511,5709
3362,0.26926459942219205,-0.08290299287720462,0.7,12547,0.34812732645699174,5709
3373,-0.1375098693136305,-0.056139640773464325,0.7,12547,0.6867656070923052,5709
3384,0.4914309764684992,-0.052747419156631774,0.7,12547,0.34144754278268263,5709
3397,-0.042380658910405336,-0.04370352078866516,0.7,12547,0.679322407003944,5709
3404,-0.11522576128235233,-0.03406528226723693,0.7,12547,0.7258501283078698,5709
7876,-0.19068564298115667,-0.11635601661358404,0.7,12547,0.6223234267011777,5709
3408,-0.8898084985663314,0.11095451515891457,0.7,12547,0.7388161471543024,5709
3425,-0.10505182100755919,-0.015475077056630834,0.7,12547,0.5933611189560756,5709
3145,0.09554766622185651,0.024020525460618218,0.7,12547,0.7643330294350412,5709
3133,0.11517330360586839,-0.015517832648610024,0.7,12547,0.5104457734275665,5709
3125,0.03337277094504058,0.027369985402321034,0.7,12547,0.6927085909027,5709
3020,0.00822221189552203,-0.02129303837523037,0.7,12547,0.5534902888785815,5709
2942,0.14039078665063146,-0.17427210062765497,0.7,12547,0.26492043478887217,5709
2946,0.21422924353747294,0.003802665244290638,0.7,12547,0.29191385786397905,5709
2954,-0.17353052197526533,-0.02328040422080108,0.7,12547,0.6827455106087668,5709
2964,-0.09749554202247314,0.09514410806790627,0.7,12547,0.6891027711259837,5709
2967,0.1792176808894261,0.000285345788874264,0.7,12547,0.6754961767863639,5709
2975,-0.21555056830863936,-0.04603979931909766,0.7,12547,0.7261991264216816,5709
2977,0.11136633913404252,-0.08054214420678112,0.7,12547,0.25103487798046253,5709
2978,-0.07752395039168725,-0.0014146356742801016,0.7,12547,0.48928041037018755,5709
3001,-0.31677140761377454,-0.05081115409868826,0.7,12547,0.4095717141180898,5709
3002,-0.09828868695687354,-0.05968471410124333,0.7,12547,0.5962945672765911,5709
3019,-0.06558540822956525,-0.07710399963956228,0.7,12547,0.4181056673797364,5709
3022,-0.06465014807949952,-0.05036999280072082,0.7,12547,0.5873412048759608,5709
3114,-0.10060440584344911,-0.03259969906174737,0.7,12547,0.7128346730910844,5709
3036,0.35059823969891785,-0.23380828752100044,0.7,12547,0.30253719959617864,5709
3038,-0.016309826495477502,-0.06993065693437764,0.7,12547,0.5962018211157605,5709
3042,-0.04298270550967423,-0.013520863212329672,0.7,12547,0.7256868308924634,5709
3049,-0.0633069196175245,-0.27947115284612456,0.7,12547,0.7754213894949402,5709
3054,0.049847272890271785,0.009412931855693012,0.7,12547,0.745013265142557,5709
3057,-0.07977765925463409,-0.003573795264284345,0.7,12547,0.45982174114801144,5709
3064,-0.17938039727968458,-0.09757910849463834,0.7,12547,0.8314160409366746,5709
3066,-0.03187824267744528,-0.12369593021891162,0.7,12547,0.7221505607768555,5709
3082,0.038783607489621834,-0.04331437688785184,0.7,12547,0.4456070129954497,5709
3092,-0.15195374805963516,-0.08071718011408952,0.7,12547,0.23513613950654433,5709
3099,-0.18060541821759185,-0.11907859643623915,0.7,12547,0.7412141777371417,5709
3443,-0.12762913911368062,-0.0163002422147984,0.7,12547,0.31657251816797827,5709
3458,-0.10546847580852929,-0.1080006749043415,0.7,12547,0.6510793792234406,5709
1743,-0.01416706387473522,-0.015047757847295697,0.7,12547,0.7568907976577983,5709
3463,-0.0012146345905941097,-0.03382689212086976,0.7,12547,0.47975479097663976,5709
3724,-0.14777855375904975,0.02763764777089668,0.7,12547,0.36169294623129367,5709
3737,-0.15024641526735505,-0.0887532383248116,0.7,12547,0.6599566865802826,5709
3744,-0.15000465534590127,0.01307968149773952,0.7,12547,0.6226722107770273,5709
3783,-0.5035031434294106,-0.08530936123212798,0.7,12547,0.6875483387575942,5709
3793,-0.24833892432306537,-0.04136497306281677,0.7,12547,0.5232741617880421,5709
3817,-0.23592353410011632,-0.08860244512955279,0.7,12547,0.770034942698955,5709
3825,0.30454791467393005,0.29299470900187624,0.7,12547,0.5927876570831859,5709
3827,0.6371299127309398,-0.0005438509199787436,0.7,12547,0.39641278519160894,5709
3829,-0.24955885077152026,-0.3377585249475362,0.7,12547,0.5514715531511132,5709
3830,-0.09511496005102023,-0.030626567016052823,0.7,12547,0.7147535664315816,5709
3834,-0.1916803306613603,-0.0073951187365436065,0.7,12547,0.7482563293685117,5709
3845,-0.4914346464591578,-0.12577730225445594,0.7,12547,0.7050484497899755,5709
3847,0.00595641864900779,-0.016905202280681746,0.7,12547,0.2963410151549548,5709
3849,-0.25802567789857206,0.013277587896670473,0.7,12547,0.7139862416103531,5709
3856,-0.005120407075057944,-0.11049382537079215,0.7,12547,0.2884516913431371,5709
3866,0.024310107625142786,-0.10319743696292998,0.7,12547,0.7553773577124354,5709
3881,0.011687615508023422,-0.15961334553913645,0.7,12547,0.5663499605669737,5709
3884,0.011411074780767487,-0.02673182723697211,0.7,12547,0.5833890536667468,5709
3891,-0.09556474481682545,0.011069931176882994,0.7,12547,0.5004318612830928,5709
3935,0.018872588682651435,-0.012068565553386916,0.7,12547,0.5679762030488833,5709
3936,-0.09273575379875455,0.03298299874696874,0.7,12547,0.5028120625376512,5709
3954,-0.6508647367017565,0.032119501925764064,0.7,12547,0.3534934479295755,5709
3959,0.018904632744896305,0.02834150286423975,0.7,12547,0.6651234124682391,5709
3965,-0.047961864166600844,-0.006236058117206545,0.7,12547,0.17087291144574057,5709
3964,0.01601328134957205,-0.00978524354923952,0.7,12547,0.4105528729380219,5709
3718,-0.18268283807627805,-0.09093325172175587,0.7,12547,0.299013986521805,5709
3708,-0.6013700418362442,-0.1434172083075231,0.7,12547,0.2637663190146964,5709
3701,-0.035215644844964936,-0.03352188913857476,0.7,12547,0.6006467796275592,5709
3586,0.4634764956431375,0.07089059361104609,0.7,12547,0.5363343514987444,5709
3477,-0.37385815369380915,-0.13400751069960676,0.7,12547,0.24508674527652707,5709
3480,0.07185206661168857,-0.11852101525593037,0.7,12547,0.5393263569713682,5709
3487,-0.0367878189701928,-0.05020767166813388,0.7,12547,0.6097320130406846,5709
3488,-0.029405271554082676,-0.062077599420830215,0.7,12547,0.8828512924418153,5709
3494,0.1263850215691028,0.039246965615829174,0.7,12547,0.5851897770621189,5709
3502,-0.09011463239659087,-0.04408851043646736,0.7,12547,0.4059685011255233,5709
3520,-0.0772219848896457,-0.06340630413143629,0.7,12547,0.6102786899120594,5709
3525,-0.3827452980362742,-0.14062110266060276,0.7,12547,0.3147207960216347,5709
3524,0.03086828286093656,-0.11905014849021181,0.7,12547,0.5633231326621979,5709
3531,-0.27644963757565744,-0.08088583590160552,0.7,12547,0.6143273914036405,5709
3530,-0.18916114671922768,-0.030682137590697687,0.7,12547,0.26467282028252725,5709
3590,0.2902094857902579,-0.054922032821322,0.7,12547,0.38353875710048446,5709
3687,-0.251475924221779,-0.04429778536760593,0.7,12547,0.46398415743416577,5709
3608,0.1712595096453822,0.030884718318238583,0.7,12547,0.736432117437423,5709
7875,0.04920194433286892,-0.006268347108078204,0.7,12547,0.41773241386770865,5709
3614,-0.6721925723877399,-0.27942314640207433,0.7,12547,0.4970653683980204,5709
3631,-0.5441453250927687,0.012919961109495514,0.7,12547,0.345850924641671,5709
3639,-0.36652510370969016,-0.09672718469502889,0.7,12547,0.2079715558415408,5709
3648,-0.1243236904609484,-0.004553077218938115,0.7,12547,0.8635703392316656,5709
3652,-0.16555391691767649,0.08334934126910282,0.7,12547,0.4032814687813773,5709
3671,-0.04029179996193409,-0.0034824805012366247,0.7,12547,0.7641934243613022,5709
3673,-0.49480228278830923,-0.13669962397806393,0.7,12547,0.43571888552247406,5709
7840,-0.046421551356967856,-0.020191573229412077,0.7,12547,0.7002647913142551,5709
3683,-0.05316404517602654,-0.1285050604175046,0.7,12547,0.4248766442337455,5709
2925,-0.5241048234567479,-0.11733449506642729,0.7,12547,0.21705033236232296,5709
2923,0.13556306504426358,0.0037301240162634685,0.7,12547,0.7129559648142015,5709
2921,-0.04455316112095306,-0.012215588025976373,0.7,12547,0.6229789517358717,5709
2919,-0.42197677492030794,-0.10652177656541287,0.7,12547,0.6914660645967707,5709
2039,-0.5532101232838127,-0.13747862452308518,0.7,12547,0.1954883868697631,5709
2054,-0.3008505551334762,-0.1376250045465853,0.7,12547,0.7113926696165396,5709
2068,-0.45865538522715904,-0.1493514358959729,0.7,12547,0.4516502859302842,5709
2073,-0.383853899592592,-0.12380576578857878,0.7,12547,0.37629513684514027,5709
2072,-0.2592044634560589,-0.2020792815734688,0.7,12547,0.4725740748744174,5709
2074,-0.07609650353161063,0.020403878582776248,0.7,12547,0.6041658037164344,5709
2105,0.04302466306262021,-0.04733725854004887,0.7,12547,0.5460942275408384,5709
2106,-0.09848616004746437,0.008076401449986038,0.7,12547,0.6945487912688566,5709
2115,-0.13620695697946664,-0.6214652738215896,0.7,12547,0.6274144002240596,5709
2120,-0.0599908361068156,-0.055168589327313194,0.7,12547,0.6116640815585288,5709
2132,0.10554297798263916,0.0373190565448552,0.7,12547,0.5222788441387904,5709
2138,0.009790839322771831,-0.05209623782444305,0.7,12547,0.4958741954800733,5709
2175,0.06820773188118062,-9.129098768983735e-05,0.7,12547,0.23511137517161096,5709
2200,-0.11804033628426434,-0.02748697454389722,0.7,12547,0.3591733784073847,5709
2209,0.061948731262239265,0.032062834704086676,0.7,12547,0.31113331061688276,5709
2244,-0.02039921425238102,0.009577479110908607,0.7,12547,0.24993227359187176,5709
2253,-0.02953288533619863,-0.05747601957357581,0.7,12547,0.7129389262566506,5709
2274,0.024680283570017485,0.014605983730130966,0.7,12547,0.7587238919016213,5709
2285,-0.007932445672099735,0.007551151259033204,0.7,12547,0.8223509083109952,5709
2292,-0.0007396679841987784,-0.043659833327703415,0.7,12547,0.683764471552359,5709
2331,-0.22561132521376798,-0.05508810382051447,0.7,12547,0.537758093918294,5709
2346,-0.39704335666255297,-0.07009491418924729,0.7,12547,0.7120893776948641,5709
2359,-0.4212357110013174,-0.11012421453190605,0.7,12547,0.3206245698799196,5709
2362,0.002716182478720747,-0.026748421547580323,0.7,12547,0.5245158852030485,5709
2381,-0.32787880401768194,0.03569287259484442,0.7,12547,0.5484305144611505,5709
2037,-0.06869126430274063,-0.015319998409051152,0.7,12547,0.6432572441970379,5709
2027,-0.2289795595502417,-0.020208070542182183,0.7,12547,0.3591963923399405,5709
2021,-0.0974199946068558,0.05932096806258485,0.7,12547,0.5303712516413119,5709
1841,-0.3448453112362124,0.3587481616859483,0.7,12547,0.5889821082754856,5709
1759,0.09346313635208293,-0.006319167089953573,0.7,12547,0.2933309271284742,5709
1775,-0.018568501090909902,-0.07364697396164657,0.7,12547,0.40406062643454554,5709
1779,-0.08137181743103282,-0.014659577464683092,0.7,12547,0.6603946296587166,5709
1785,0.16923585213211836,0.013121782964226874,0.7,12547,0.591137303626293,5709
1789,0.046667170009353436,-0.019097230857404675,0.7,12547,0.6646638638305805,5709
1799,-0.011762377595808686,-0.4853603912708651,0.7,12547,0.7712846026419797,5709
1803,-0.051372919625701605,-0.01142801794846462,0.7,12547,0.5470821224223359,5709
1804,-0.3180861007557345,-0.2609397604653693,0.7,12547,0.7015233615946792,5709
1820,-0.12965185780426042,-0.02872677614889305,0.7,12547,0.4063021593330106,5709
1829,-0.1410977307002948,-0.024438778453565752,0.7,12547,0.4255803641906789,5709
1831,-0.4415462718587364,-0.2878068577831372,0.7,12547,0.3747035850187982,5709
1850,-0.24029506220730984,0.5619991748218572,0.7,12547,0.5391251830491635,5709
2015,-0.16143263741104788,0.0618837611642086,0.7,12547,0.5487026619413922,5709
1860,-0.26621845168867125,0.03006926445558957,0.7,12547,0.5675079541555135,5709
1866,-0.17469945227378822,-0.049496568833778225,0.7,12547,0.42201793867654014,5709
1869,0.02909511755767862,-0.10167030966951307,0.7,12547,0.41322904201725486,5709
1882,-0.4001742927746135,0.033982614056914086,0.7,12547,0.18345779053623257,5709
1911,-0.1795007108539982,0.04811991044094137,0.7,12547,0.7775015686042067,5709
1933,0.0017297617810173827,-0.08873589287711538,0.7,12547,0.7344785306551493,5709
1937,-0.16857798510417257,-0.0016198662267669442,0.7,12547,0.4794303130804801,5709
1941,0.06460610273538095,-0.12890404690659474,0.7,12547,0.5923278965119338,5709
1976,-0.09430997927308497,-0.03404046283526345,0.7,12547,0.43314207529631377,5709
2001,-0.026400644135944965,-0.07899197903774731,0.7,12547,0.751960664101752,5709
2002,-0.21108956874292292,-0.1249722624766129,0.7,12547,0.4917891216374546,5709
2382,-0.0030869434597508186,-0.007952905145933628,0.7,12547,0.4465300877146007,5709
2385,-0.31998389606365085,0.023317714805671623,0.7,12547,0.6706006216381235,5709
2391,-0.41460752074016094,-0.09150593992284271,0.7,12547,0.6496991135646807,5709
2828,-0.11596988373612822,0.008752458414341023,0.7,12547,0.5297137406430201,5709
2713,0.009208215084280153,-0.0010418387133707158,0.7,12547,0.3610247621835344,5709
2718,-0.2268534243632433,-0.07742618664330715,0.7,12547,0.6775391397418806,5709
2744,-1.2610328790982972,0.022242780094905643,0.7,12547,0.56141199196638,5709
2746,-0.08448512701967553,-0.08348677324884811,0.7,12547,0.4892381640425648,5709
2755,0.08940305744965014,-0.07646021368767496,0.7,12547,0.47556161683537257,5709
2754,0.055602923815432845,-0.014611453608875771,0.7,12547,0.6242625403435424,5709
2786,-0.0050274768913608,0.22070758413561992,0.7,12547,0.4967897543759837,5709
2807,0.2648109825568896,0.14642949385405477,0.7,12547,0.6201556003141033,5709
2806,0.052323080773784565,-0.01692109174657359,0.7,12547,0.5601849315672952,5709
2821,0.03554405889870574,-0.018852113599799065,0.7,12547,0.42959994114210887,5709
2824,0.242496742689195,-0.05171957716248724,0.7,12547,0.7964172440694359,5709
2849,-0.2829472183963289,-0.020950205559255048,0.7,12547,0.26557290886235907,5709
2704,0.051225187748101385,-0.02840785314051071,0.7,12547,0.7870261178641256,5709
2848,-0.1345605742776262,-0.07839746868779278,0.7,12547,0.5254255908806241,5709
2850,0.07354337920470026,0.0457523977724605,0.7,12547,0.7074437920260173,5709
2852,-0.3610734312441563,0.12548491807770523,0.7,12547,0.4738722719557711,5709
2875,-0.14420630072144794,-0.0734535701177729,0.7,12547,0.43949959568408603,5709
2874,-0.15394490299054606,-0.14192444978272825,0.7,12547,0.3755189497157092,5709
2879,-0.04972327730543189,0.15409660065264164,0.7,12547,0.5467156285396233,5709
2881,0.0700118417574054,-0.08772326388230421,0.7,12547,0.5162667897942248,5709
2880,0.05221886402545473,-8.592572009600001e-05,0.7,12547,0.8060882376941898,5709
2888,-0.2885171253991516,-0.04676363066930811,0.7,12547,0.6488018425250413,5709
7930,-0.08794694438261912,-0.07686294072863756,0.7,12547,0.417624122619788,5709
2904,-0.18719330451894964,-0.07809525732679215,0.7,12547,0.6819103565913991,5709
2711,0.1077290770956614,0.03266614737983966,0.7,12547,0.4821051817082518,5709
2695,0.05087189120987114,-0.06888094169371779,0.7,12547,0.5130700294365176,5709
2397,-0.19825272104932837,0.04665131007439432,0.7,12547,0.4126125590680624,5709
2584,0.14419900662604965,-0.20752323330749425,0.7,12547,0.6654114469415545,5709
2407,-0.12813256053787395,0.08839093193460747,0.7,12547,0.7190636268169686,5709
2419,0.14587661807144003,-0.13208284214208646,0.7,12547,0.25028468038243246,5709
7978,0.08932628492834364,-0.028400325221665246,0.7,12547,0.7040056670560082,5709
2447,-0.08918300223382583,0.014609089922318427,0.7,12547,0.6706825402109255,5709
2478,-0.0627028045212401,0.0015862782632405552,0.7,12547,0.24779630782011686,5709
2504,0.049727562044571634,0.0007713689003806619,0.7,12547,0.8158918640415672,5709
2510,-0.0934692414727639,-0.06436842745070774,0.7,12547,0.7415204984446782,5709
2515,0.33603023693027306,0.4505454476574691,0.7,12547,0.2993585708689236,5709
2552,-0.2101922375708187,-0.06968026790950192,0.7,12547,0.5007593416609095,5709
2555,-0.17129347720687865,-0.10392267329633252,0.7,12547,0.6637001676202898,5709
2569,0.04791103065843462,-0.024666718293125615,0.7,12547,0.4501143672054101,5709
2591,-0.12659297653200616,-0.06505559906195885,0.7,12547,0.7542864496926651,5709
2683,-0.06211384832562047,0.0033499185331022454,0.7,12547,0.6020934337537169,5709
2599,-0.1164160823454279,-0.040422207919752096,0.7,12547,0.6528107644342811,5709
2598,-0.33496239926117655,-0.01600399321903501,0.7,12547,0.776471640062097,5709
2606,-0.0317726607659898,-0.07955606857830255,0.7,12547,0.5419229259892981,5709
2628,-0.0789067980692651,-0.02072758291247728,0.7,12547,0.8182775065538163,5709
2641,-0.37895735970136957,-0.13525312162098,0.7,12547,0.464593039339679,5709
2648,-0.10005530501062442,-0.02860732295684009,0.7,12547,0.5317648912642969,5709
2650,-0.00665981070805174,-0.032813896303428486,0.7,12547,0.8954800119039394,5709
2652,-0.191163890666312,-0.12078359817846833,0.7,12547,0.4582635626689865,5709
2658,-0.12407975362991588,-0.08903695882640408,0.7,12547,0.42927101834913406,5709
2660,-0.06771108587878638,-0.09102096524193888,0.7,12547,0.6992800037912261,5709
2673,0.18399838696941784,0.09727456335149492,0.7,12547,0.5258301679547088,5709
7657,0.017269005082017577,-0.06484950364704137,0.7,12547,0.30087229317199016,5709
3394,-0.6974333564720675,0.05135145880066193,0.7,12546,0.2368878457386122,5708
4120,-0.24446666063363853,-0.1064342869217308,0.7,12546,0.30563041183685435,5708
133,0.04794958180214104,-0.022683309391382966,0.7,12546,0.6899285705949081,5708
5911,-0.07928004407752655,0.011405450872819876,0.7,12546,0.5814646565915209,5708
5687,-0.3346244617621706,-0.026266089935351317,0.7,12546,0.7590358500355721,5708
7245,0.5880570845975128,-0.003082346642397898,0.7,12546,0.5420815556829511,5709
6431,-0.06165706041921987,-0.1662278535981931,0.7,12545,0.41534054123654984,5709
3611,-0.5992306899153137,-0.3112367721765182,0.7,12545,0.3379561795725182,5709
6636,-0.36091774447889335,-0.13089692814807885,0.7,12544,0.4664438192232401,5709
2445,-0.04826504178753646,-0.03478797635134923,0.7,12544,0.5587478335492624,5709
4664,-0.2653330010298227,-0.154039228138093,0.7,12544,0.43500990153780195,5709
6408,0.9889027230111695,0.14479448977605863,0.7,12543,0.5882616565488548,5709
2901,0.23776891428071353,0.2032809108856619,0.7,12543,0.8550283963163536,5705
4191,-0.13601239704837234,-0.08064839423057628,0.7,12540,0.3117665880485384,5709
444,-0.18088858223033227,0.011291995113928055,0.7,12537,0.5331686706737696,5709
3407,0.03669040528875634,-0.14163637370067772,0.7,12529,0.5360734943144383,5709
1574,0.025203034381890317,0.015925498411272547,0.7,12527,0.7988573016897067,5709
1224,0.022438375043947884,-0.0633379274237795,0.7,12525,0.7151491985301524,5687
3033,0.19662041608472947,0.06374412928204026,0.7,12507,0.29960491893081653,5668
6571,-0.3839722779655299,-0.06117608511586172,0.7,12503,0.6093799159803328,5682
804,-0.8001603264867981,0.4318276313398751,0.7,12499,0.5408790561302665,5709
92,0.02712142479690739,-0.09805993038530433,0.7,12491,0.4703589378230597,5667
7328,-0.4492935860113896,-0.1578757319908248,0.7,12475,0.33751409306781266,5709
2642,-0.2900388386313988,-0.11787670933804886,0.7,12473,0.4051656105424539,5666
2924,-0.18720101693279828,0.1329311827036093,0.7,12440,0.5288374793976846,5709
730,0.6199314158232758,0.2614570067004026,0.7,12428,0.4653734075313841,5703
3680,0.0804540126280291,-0.04804674488071634,0.7,12425,0.6345386993242028,5593
18,-0.044509687348894295,0.04620124288237016,0.7,12407,0.4950194391618177,5561
